Group,CellType,Abundance
Model,T_Cells,0.05554838478565216
Model,T_Cells,0.0715407133102417
Model,T_Cells,0.027327492833137512
Model,T_Cells,0.06753801554441452
Model,T_Cells,0.0446089468896389
Model,T_Cells,0.04045487195253372
Model,T_Cells,0.04982176050543785
Model,T_Cells,0.05910462141036987
Model,T_Cells,0.055206287652254105
Model,T_Cells,0.05200964957475662
Model,T_Cells,0.053509924560785294
Model,T_Cells,0.0659947469830513
Model,T_Cells,0.056785959750413895
Model,T_Cells,0.01762968674302101
Model,T_Cells,0.024241473525762558
Model,T_Cells,0.008396612480282784
Model,T_Cells,0.04434860870242119
Model,T_Cells,0.01950112171471119
Model,T_Cells,0.04523652046918869
Model,T_Cells,0.031166624277830124
Model,T_Cells,0.05885976552963257
Model,T_Cells,0.07513613998889923
Model,T_Cells,0.04275510832667351
Model,T_Cells,0.07178959250450134
Model,T_Cells,0.01353183388710022
Model,T_Cells,0.044280849397182465
Model,T_Cells,0.06264098733663559
Model,T_Cells,0.06980101764202118
Model,T_Cells,0.06093056499958038
Model,T_Cells,0.059126704931259155
Model,T_Cells,0.02279307134449482
Model,T_Cells,0.037870343774557114
Model,T_Cells,0.019329672679305077
Model,T_Cells,0.00843471847474575
Model,T_Cells,0.009163967333734035
Model,T_Cells,0.06550229340791702
Model,T_Cells,0.031721845269203186
Model,T_Cells,0.055050626397132874
Model,T_Cells,0.08640415966510773
Model,T_Cells,0.06823033094406128
Model,T_Cells,0.070586659014225
Model,T_Cells,0.011199372820556164
Model,T_Cells,0.053542595356702805
Model,T_Cells,0.03021138533949852
Model,T_Cells,0.07041667401790619
Model,T_Cells,0.0769183412194252
Model,T_Cells,0.033493466675281525
Model,T_Cells,0.0526573583483696
Model,T_Cells,0.03521144017577171
Model,T_Cells,0.05798926204442978
Model,T_Cells,0.034711770713329315
Model,T_Cells,0.029624439775943756
Model,T_Cells,0.05157238990068436
Model,T_Cells,0.0326712541282177
Model,T_Cells,0.05291933938860893
Model,T_Cells,0.04807626083493233
Model,T_Cells,0.0531592033803463
Model,T_Cells,0.05734368786215782
Model,T_Cells,0.05600588768720627
Model,T_Cells,0.07448101043701172
Model,T_Cells,0.08528418093919754
Model,T_Cells,0.051718421280384064
Model,T_Cells,0.04900630936026573
Model,T_Cells,0.0523819662630558
Model,T_Cells,0.04295489937067032
Model,T_Cells,0.05468263849616051
Model,T_Cells,0.05937981233000755
Model,T_Cells,0.05712803825736046
Model,T_Cells,0.046374380588531494
Model,T_Cells,0.03414621949195862
Model,T_Cells,0.06250376999378204
Model,T_Cells,0.044589340686798096
Model,T_Cells,0.048643529415130615
Model,T_Cells,0.051858916878700256
Model,T_Cells,0.07143489271402359
Model,T_Cells,0.052265577018260956
Model,T_Cells,0.04528803750872612
Model,T_Cells,0.049890849739313126
Model,T_Cells,0.05331786349415779
Model,T_Cells,0.09677796065807343
Model,T_Cells,0.019945601001381874
Model,T_Cells,0.027936724945902824
Model,T_Cells,0.03499200940132141
Model,T_Cells,0.05024408921599388
Model,T_Cells,0.04365796595811844
Model,T_Cells,0.051092199981212616
Model,T_Cells,0.05004173144698143
Model,T_Cells,0.05321855470538139
Model,T_Cells,0.03571444749832153
Model,T_Cells,0.05945155397057533
Model,T_Cells,0.04462091624736786
Model,T_Cells,0.07788144052028656
Model,T_Cells,0.05396216735243797
Model,T_Cells,0.048920001834630966
Model,T_Cells,0.07437390089035034
Model,T_Cells,0.06323491781949997
Model,T_Cells,0.06402178108692169
Model,T_Cells,0.05273396894335747
Model,T_Cells,0.029393009841442108
Model,T_Cells,0.09173890203237534
Model,T_Cells,0.07166828215122223
Model,T_Cells,0.04642169177532196
Model,T_Cells,0.06117023900151253
Model,T_Cells,0.016910012811422348
Model,T_Cells,0.056824736297130585
Model,T_Cells,0.03073808178305626
Model,T_Cells,0.04854505881667137
Model,T_Cells,0.0500398688018322
Model,T_Cells,0.030781105160713196
Model,T_Cells,0.048086754977703094
Model,T_Cells,0.0249427929520607
Model,T_Cells,0.05683859810233116
Model,T_Cells,0.09544960409402847
Model,T_Cells,0.06228679418563843
Model,T_Cells,0.06360969692468643
Model,T_Cells,0.05651939660310745
Model,T_Cells,0.07130201160907745
Model,T_Cells,0.055202916264534
Model,T_Cells,0.07891859859228134
Model,T_Cells,0.06380131095647812
Model,T_Cells,0.05608898401260376
Model,T_Cells,0.05747539550065994
Model,T_Cells,0.06266861408948898
Model,T_Cells,0.025821447372436523
Model,T_Cells,0.034052055329084396
Model,T_Cells,0.04016673192381859
Model,T_Cells,0.017188960686326027
Model,T_Cells,0.05323991924524307
Model,T_Cells,0.010493920184671879
Model,T_Cells,0.02131120301783085
Model,T_Cells,0.042180679738521576
Model,T_Cells,0.06499109417200089
Model,T_Cells,0.04343551769852638
Model,T_Cells,0.0314156748354435
Model,T_Cells,0.06372511386871338
Model,T_Cells,0.046957988291978836
Model,T_Cells,0.01643482968211174
Model,T_Cells,0.05655129253864288
Model,T_Cells,0.05603305622935295
Model,T_Cells,0.05733880028128624
Model,T_Cells,0.08859323710203171
Model,T_Cells,0.05109042301774025
Model,T_Cells,0.05139721930027008
Model,T_Cells,0.00787461455911398
Model,T_Cells,0.0032135513611137867
Model,T_Cells,0.060940373688936234
Model,T_Cells,0.07123773545026779
Model,T_Cells,0.050006620585918427
Model,T_Cells,0.05240417644381523
Model,T_Cells,0.0749710351228714
Model,T_Cells,0.046707600355148315
Model,T_Cells,0.08347479999065399
Model,T_Cells,0.06693070381879807
Model,T_Cells,0.07874418050050735
Model,T_Cells,0.040958963334560394
Model,T_Cells,0.0545341819524765
Model,T_Cells,0.05201374739408493
Model,T_Cells,0.050217993557453156
Model,T_Cells,0.05420726537704468
Model,T_Cells,0.09960636496543884
Model,T_Cells,0.01790081150829792
Model,T_Cells,0.00543975830078125
Model,T_Cells,0.016451209783554077
Model,T_Cells,0.034521520137786865
Model,T_Cells,0.01155959814786911
Model,T_Cells,0.055021703243255615
Model,T_Cells,0.05463166907429695
Model,T_Cells,0.056267909705638885
Model,T_Cells,0.05683773010969162
Model,T_Cells,0.06802055239677429
Model,T_Cells,0.07319893687963486
Model,T_Cells,0.07020710408687592
Model,T_Cells,0.06121978536248207
Model,T_Cells,0.07428735494613647
Model,T_Cells,0.05515652149915695
Model,T_Cells,0.057853199541568756
Model,T_Cells,0.039873577654361725
Model,T_Cells,0.045494090765714645
Model,T_Cells,0.04862350597977638
Model,T_Cells,0.015580013394355774
Model,T_Cells,0.021008433774113655
Model,T_Cells,0.029098153114318848
Model,T_Cells,0.00994176883250475
Model,T_Cells,0.05261851102113724
Model,T_Cells,0.01822356879711151
Model,T_Cells,0.06615757197141647
Model,T_Cells,0.06263720244169235
Model,T_Cells,0.05860036611557007
Model,T_Cells,0.05707281827926636
Model,T_Cells,0.06937455385923386
Model,T_Cells,0.09611544758081436
Model,T_Cells,0.06768133491277695
Model,T_Cells,0.029018478468060493
Model,T_Cells,0.05756191536784172
Model,T_Cells,0.05226460099220276
Model,T_Cells,0.05308202654123306
Model,T_Cells,0.03909517824649811
Model,T_Cells,0.028912076726555824
Model,T_Cells,0.006499537732452154
Model,T_Cells,0.0481736958026886
Model,T_Cells,0.062027059495449066
Model,T_Cells,0.015616051852703094
Model,T_Cells,0.060658227652311325
Model,T_Cells,0.08088494092226028
Model,T_Cells,0.04884682595729828
Model,T_Cells,0.06377329677343369
Model,T_Cells,0.07674886286258698
Model,T_Cells,0.1293862760066986
Model,T_Cells,0.06632288545370102
Model,T_Cells,0.045797981321811676
Model,T_Cells,0.03231041133403778
Model,T_Cells,0.05809421464800835
Model,T_Cells,0.04018092900514603
Model,T_Cells,0.02834179624915123
Model,T_Cells,0.03754005581140518
Model,T_Cells,0.0134328817948699
Model,T_Cells,0.015690403059124947
Model,T_Cells,0.05692078918218613
Model,T_Cells,0.03552396595478058
Model,T_Cells,0.06484133750200272
Model,T_Cells,0.07716808468103409
Model,T_Cells,0.06363807618618011
Model,T_Cells,0.05897745490074158
Model,T_Cells,0.06566926836967468
Model,T_Cells,0.06412491202354431
Model,T_Cells,0.057846687734127045
Model,T_Cells,0.09302078932523727
Model,T_Cells,0.0748932883143425
Model,T_Cells,0.05021023005247116
Model,T_Cells,0.04127311334013939
Model,T_Cells,0.018836142495274544
Model,T_Cells,0.04904858022928238
Model,T_Cells,0.044860053807497025
Model,T_Cells,0.021132638677954674
Model,T_Cells,0.01283737737685442
Model,T_Cells,0.045007821172475815
Model,T_Cells,0.05625253543257713
Model,T_Cells,0.04574855789542198
Model,T_Cells,0.060495197772979736
Model,T_Cells,0.07585038989782333
Model,T_Cells,0.05126318335533142
Model,T_Cells,0.057908158749341965
Model,T_Cells,0.05593050643801689
Model,T_Cells,0.07249608635902405
Model,T_Cells,0.08179017901420593
Model,T_Cells,0.07331350445747375
Model,T_Cells,0.06222928315401077
Model,T_Cells,0.010597950778901577
Model,T_Cells,0.005449916236102581
Model,T_Cells,0.024541733786463737
Model,T_Cells,0.033152930438518524
Model,T_Cells,0.037072405219078064
Model,T_Cells,0.028575409203767776
Model,T_Cells,0.047568053007125854
Model,T_Cells,0.06913640350103378
Model,T_Cells,0.015145556069910526
Model,T_Cells,0.041408002376556396
Model,T_Cells,0.04383440315723419
Model,T_Cells,0.04613969475030899
Model,T_Cells,0.057470615953207016
Model,T_Cells,0.05855482816696167
Model,T_Cells,0.06464789062738419
Model,T_Cells,0.07767726480960846
Model,T_Cells,0.07051423192024231
Model,T_Cells,0.0918065682053566
Model,T_Cells,0.06929813325405121
Model,T_Cells,0.0077600907534360886
Model,T_Cells,0.007526676636189222
Model,T_Cells,0.029934439808130264
Model,T_Cells,0.04081431403756142
Model,T_Cells,0.07812125235795975
Model,T_Cells,0.044361066073179245
Model,T_Cells,0.030876031145453453
Model,T_Cells,0.07024658471345901
Model,T_Cells,0.05817236006259918
Model,T_Cells,0.05521131679415703
Model,T_Cells,0.01708645559847355
Model,T_Cells,0.05840391665697098
Model,T_Cells,0.055032551288604736
Model,T_Cells,0.04914066568017006
Model,T_Cells,0.11353020370006561
Model,T_Cells,0.05315706506371498
Model,T_Cells,0.06674524396657944
Model,T_Cells,0.06056880205869675
Model,T_Cells,0.05608903989195824
Model,T_Cells,0.011885303072631359
Model,T_Cells,0.014845178462564945
Model,T_Cells,0.05251544341444969
Model,T_Cells,0.07370901107788086
Model,T_Cells,0.042282409965991974
Model,T_Cells,0.038038045167922974
Model,T_Cells,0.037471942603588104
Model,T_Cells,0.020713448524475098
Model,T_Cells,0.05167529359459877
Model,T_Cells,0.051886603236198425
Model,T_Cells,0.028814390301704407
Model,T_Cells,0.044149111956357956
Model,T_Cells,0.05804283171892166
Model,T_Cells,0.08119501173496246
Model,T_Cells,0.05041823908686638
Model,T_Cells,0.06149931252002716
Model,T_Cells,0.06224394962191582
Model,T_Cells,0.0683792382478714
Model,T_Cells,0.05278679355978966
Model,T_Cells,0.028335517272353172
Model,T_Cells,0.05484946817159653
Model,T_Cells,0.042388271540403366
Model,T_Cells,0.02098963037133217
Model,T_Cells,0.04591338336467743
Model,T_Cells,0.05781116709113121
Model,T_Cells,0.04934537038207054
Model,T_Cells,0.0238458551466465
Model,T_Cells,0.07517039030790329
Model,T_Cells,0.07312227040529251
Model,T_Cells,0.06968914717435837
Model,T_Cells,0.05270243436098099
Model,T_Cells,0.06457550078630447
Model,T_Cells,0.09365051984786987
Model,T_Cells,0.06110570207238197
Model,T_Cells,0.07519108057022095
Model,T_Cells,0.0749710351228714
Model,T_Cells,0.07600465416908264
Model,T_Cells,0.028193345293402672
Model,T_Cells,0.024284737184643745
Model,T_Cells,0.04350775107741356
Model,T_Cells,0.05927988514304161
Model,T_Cells,0.030709510669112206
Model,T_Cells,0.062001265585422516
Model,T_Cells,0.02948904037475586
Model,T_Cells,0.00887934397906065
Model,T_Cells,0.017455434426665306
Model,T_Cells,0.05596475675702095
Model,T_Cells,0.06861434131860733
Model,T_Cells,0.06593254953622818
Model,T_Cells,0.07480691373348236
Model,T_Cells,0.07290774583816528
Model,T_Cells,0.07512108981609344
Model,T_Cells,0.06002238020300865
Model,T_Cells,0.05968545377254486
Model,T_Cells,0.04709359258413315
Model,T_Cells,0.02902059629559517
Model,T_Cells,0.009208252653479576
Model,T_Cells,0.027652662247419357
Model,T_Cells,0.05304732546210289
Model,T_Cells,0.07702876627445221
Model,T_Cells,0.07102476805448532
Model,T_Cells,0.046781089156866074
Model,T_Cells,0.02465732768177986
Model,T_Cells,0.05649194493889809
Model,T_Cells,0.06257570534944534
Model,T_Cells,0.06603685021400452
Model,T_Cells,0.017718767747282982
Model,T_Cells,0.07918129861354828
Model,T_Cells,0.06052468344569206
Model,T_Cells,0.07453715056180954
Model,T_Cells,0.09780584275722504
Model,T_Cells,0.07276970893144608
Model,T_Cells,0.09311351180076599
Model,T_Cells,0.02213379368185997
Model,T_Cells,0.014369484968483448
Model,T_Cells,0.007461453787982464
Model,DA_Neurons,0.019101133570075035
Model,DA_Neurons,0.024387415498495102
Model,DA_Neurons,0.01099301315844059
Model,DA_Neurons,0.012680805288255215
Model,DA_Neurons,0.006809929385781288
Model,DA_Neurons,0.007091217208653688
Model,DA_Neurons,0.014881917275488377
Model,DA_Neurons,0.029398564249277115
Model,DA_Neurons,0.03530772402882576
Model,DA_Neurons,0.058322470635175705
Model,DA_Neurons,0.01515926979482174
Model,DA_Neurons,0.015173391439020634
Model,DA_Neurons,0.016821540892124176
Model,DA_Neurons,0.007805729750543833
Model,DA_Neurons,0.014013002626597881
Model,DA_Neurons,0.007744608912616968
Model,DA_Neurons,0.008182873018085957
Model,DA_Neurons,0.004039396997541189
Model,DA_Neurons,0.00641587283462286
Model,DA_Neurons,0.07918132096529007
Model,DA_Neurons,0.007199984509497881
Model,DA_Neurons,0.008959620259702206
Model,DA_Neurons,0.010666796937584877
Model,DA_Neurons,0.007291991729289293
Model,DA_Neurons,0.029531143605709076
Model,DA_Neurons,0.007035659626126289
Model,DA_Neurons,0.026067977771162987
Model,DA_Neurons,0.07720865309238434
Model,DA_Neurons,0.014921814203262329
Model,DA_Neurons,0.014128534123301506
Model,DA_Neurons,0.0055038295686244965
Model,DA_Neurons,0.009068974293768406
Model,DA_Neurons,0.005671936087310314
Model,DA_Neurons,0.0048469980247318745
Model,DA_Neurons,0.03532392159104347
Model,DA_Neurons,0.012866854667663574
Model,DA_Neurons,0.004417938180267811
Model,DA_Neurons,0.006286615040153265
Model,DA_Neurons,0.03157997131347656
Model,DA_Neurons,0.009389716200530529
Model,DA_Neurons,0.02005208469927311
Model,DA_Neurons,0.009729022160172462
Model,DA_Neurons,0.010131534188985825
Model,DA_Neurons,0.14412450790405273
Model,DA_Neurons,0.03560560941696167
Model,DA_Neurons,0.026078252121806145
Model,DA_Neurons,0.005595532711595297
Model,DA_Neurons,0.006892754230648279
Model,DA_Neurons,0.04826991260051727
Model,DA_Neurons,0.00849449448287487
Model,DA_Neurons,0.0071072056889534
Model,DA_Neurons,0.012353122234344482
Model,DA_Neurons,0.005527605302631855
Model,DA_Neurons,0.006883006077259779
Model,DA_Neurons,0.03887295350432396
Model,DA_Neurons,0.011170453391969204
Model,DA_Neurons,0.00866845715790987
Model,DA_Neurons,0.010806524194777012
Model,DA_Neurons,0.032241955399513245
Model,DA_Neurons,0.012125847861170769
Model,DA_Neurons,0.09107428789138794
Model,DA_Neurons,0.057509858161211014
Model,DA_Neurons,0.008741172961890697
Model,DA_Neurons,0.013581112027168274
Model,DA_Neurons,0.012054463848471642
Model,DA_Neurons,0.030987361446022987
Model,DA_Neurons,0.09049779921770096
Model,DA_Neurons,0.012832941487431526
Model,DA_Neurons,0.019524630159139633
Model,DA_Neurons,0.011051355861127377
Model,DA_Neurons,0.012075383216142654
Model,DA_Neurons,0.014260025694966316
Model,DA_Neurons,0.0065539232455194
Model,DA_Neurons,0.012513780035078526
Model,DA_Neurons,0.008601289242506027
Model,DA_Neurons,0.006650853902101517
Model,DA_Neurons,0.023845963180065155
Model,DA_Neurons,0.018520459532737732
Model,DA_Neurons,0.044082097709178925
Model,DA_Neurons,0.009027817286550999
Model,DA_Neurons,0.15570387244224548
Model,DA_Neurons,0.03406679630279541
Model,DA_Neurons,0.10696981847286224
Model,DA_Neurons,0.021851899102330208
Model,DA_Neurons,0.043623946607112885
Model,DA_Neurons,0.12409541755914688
Model,DA_Neurons,0.04389360547065735
Model,DA_Neurons,0.017906416207551956
Model,DA_Neurons,0.014446607790887356
Model,DA_Neurons,0.011806482449173927
Model,DA_Neurons,0.03498692810535431
Model,DA_Neurons,0.010631663724780083
Model,DA_Neurons,0.00866603571921587
Model,DA_Neurons,0.007576078176498413
Model,DA_Neurons,0.015448089689016342
Model,DA_Neurons,0.0389406681060791
Model,DA_Neurons,0.017909517511725426
Model,DA_Neurons,0.2786795198917389
Model,DA_Neurons,0.023715592920780182
Model,DA_Neurons,0.04918954148888588
Model,DA_Neurons,0.09808025509119034
Model,DA_Neurons,0.014235813170671463
Model,DA_Neurons,0.12355673313140869
Model,DA_Neurons,0.0636487677693367
Model,DA_Neurons,0.03718598559498787
Model,DA_Neurons,0.013472814112901688
Model,DA_Neurons,0.017982173711061478
Model,DA_Neurons,0.15814915299415588
Model,DA_Neurons,0.13254281878471375
Model,DA_Neurons,0.03117448091506958
Model,DA_Neurons,0.018716247752308846
Model,DA_Neurons,0.011774282902479172
Model,DA_Neurons,0.016151173040270805
Model,DA_Neurons,0.020639833062887192
Model,DA_Neurons,0.012301823124289513
Model,DA_Neurons,0.01131328847259283
Model,DA_Neurons,0.03840536251664162
Model,DA_Neurons,0.1915527731180191
Model,DA_Neurons,0.010657460428774357
Model,DA_Neurons,0.05327122285962105
Model,DA_Neurons,0.030301811173558235
Model,DA_Neurons,0.042767420411109924
Model,DA_Neurons,0.2653362452983856
Model,DA_Neurons,0.05914123356342316
Model,DA_Neurons,1.9616175889968872
Model,DA_Neurons,2.541574239730835
Model,DA_Neurons,15.178498268127441
Model,DA_Neurons,0.28670626878738403
Model,DA_Neurons,0.12721771001815796
Model,DA_Neurons,0.042252592742443085
Model,DA_Neurons,0.023195048794150352
Model,DA_Neurons,0.012573429383337498
Model,DA_Neurons,0.011184703558683395
Model,DA_Neurons,0.02220919542014599
Model,DA_Neurons,0.019063247367739677
Model,DA_Neurons,0.08598607778549194
Model,DA_Neurons,0.008740449324250221
Model,DA_Neurons,0.10757901519536972
Model,DA_Neurons,0.1294431984424591
Model,DA_Neurons,0.41814175248146057
Model,DA_Neurons,0.33121275901794434
Model,DA_Neurons,0.5232385993003845
Model,DA_Neurons,1.7495604753494263
Model,DA_Neurons,15.927997589111328
Model,DA_Neurons,17.26555824279785
Model,DA_Neurons,5.145384311676025
Model,DA_Neurons,0.6542975306510925
Model,DA_Neurons,3.2532143592834473
Model,DA_Neurons,0.1723155975341797
Model,DA_Neurons,0.0494484081864357
Model,DA_Neurons,0.011103854514658451
Model,DA_Neurons,0.009397284127771854
Model,DA_Neurons,0.01353037916123867
Model,DA_Neurons,0.10955362021923065
Model,DA_Neurons,0.055159520357847214
Model,DA_Neurons,0.31825318932533264
Model,DA_Neurons,0.27982303500175476
Model,DA_Neurons,0.7428483366966248
Model,DA_Neurons,0.45794472098350525
Model,DA_Neurons,0.43599775433540344
Model,DA_Neurons,12.713486671447754
Model,DA_Neurons,18.53059959411621
Model,DA_Neurons,7.0387797355651855
Model,DA_Neurons,0.5127547383308411
Model,DA_Neurons,0.27890488505363464
Model,DA_Neurons,0.14012154936790466
Model,DA_Neurons,3.1330063343048096
Model,DA_Neurons,0.021624024957418442
Model,DA_Neurons,0.04001745581626892
Model,DA_Neurons,0.0339018851518631
Model,DA_Neurons,0.018621262162923813
Model,DA_Neurons,0.0520668625831604
Model,DA_Neurons,0.16381235420703888
Model,DA_Neurons,0.2193615436553955
Model,DA_Neurons,1.2963039875030518
Model,DA_Neurons,1.7316776514053345
Model,DA_Neurons,2.7651207447052
Model,DA_Neurons,1.2582755088806152
Model,DA_Neurons,6.163690567016602
Model,DA_Neurons,12.794411659240723
Model,DA_Neurons,16.459518432617188
Model,DA_Neurons,0.6535945534706116
Model,DA_Neurons,0.16894793510437012
Model,DA_Neurons,0.27650126814842224
Model,DA_Neurons,0.08250247687101364
Model,DA_Neurons,0.14718687534332275
Model,DA_Neurons,0.10123889148235321
Model,DA_Neurons,0.013224070891737938
Model,DA_Neurons,0.07030397653579712
Model,DA_Neurons,0.017983926460146904
Model,DA_Neurons,0.131120964884758
Model,DA_Neurons,3.749016761779785
Model,DA_Neurons,3.1146981716156006
Model,DA_Neurons,2.0342371463775635
Model,DA_Neurons,1.2468183040618896
Model,DA_Neurons,2.03509259223938
Model,DA_Neurons,6.098169326782227
Model,DA_Neurons,14.228316307067871
Model,DA_Neurons,19.42619514465332
Model,DA_Neurons,2.1186821460723877
Model,DA_Neurons,0.40343019366264343
Model,DA_Neurons,0.28895092010498047
Model,DA_Neurons,0.2040284126996994
Model,DA_Neurons,0.18281789124011993
Model,DA_Neurons,0.015230534598231316
Model,DA_Neurons,0.08623915165662766
Model,DA_Neurons,0.012348785996437073
Model,DA_Neurons,0.06927521526813507
Model,DA_Neurons,0.03167817369103432
Model,DA_Neurons,0.8629326224327087
Model,DA_Neurons,6.26361083984375
Model,DA_Neurons,2.1736323833465576
Model,DA_Neurons,3.324908971786499
Model,DA_Neurons,6.687248229980469
Model,DA_Neurons,4.263247966766357
Model,DA_Neurons,14.640539169311523
Model,DA_Neurons,16.0400447845459
Model,DA_Neurons,5.575234413146973
Model,DA_Neurons,0.8099603056907654
Model,DA_Neurons,0.218713641166687
Model,DA_Neurons,0.1322501003742218
Model,DA_Neurons,0.07754354178905487
Model,DA_Neurons,0.061639152467250824
Model,DA_Neurons,0.044137969613075256
Model,DA_Neurons,0.05602636933326721
Model,DA_Neurons,0.012610191479325294
Model,DA_Neurons,0.14098472893238068
Model,DA_Neurons,0.05183449015021324
Model,DA_Neurons,4.938735485076904
Model,DA_Neurons,6.397167205810547
Model,DA_Neurons,11.581372261047363
Model,DA_Neurons,6.694819927215576
Model,DA_Neurons,8.431205749511719
Model,DA_Neurons,12.748025894165039
Model,DA_Neurons,9.827142715454102
Model,DA_Neurons,3.2174675464630127
Model,DA_Neurons,1.1613792181015015
Model,DA_Neurons,0.44363081455230713
Model,DA_Neurons,0.07848846167325974
Model,DA_Neurons,0.43028685450553894
Model,DA_Neurons,0.14020225405693054
Model,DA_Neurons,0.013946055434644222
Model,DA_Neurons,0.03218891844153404
Model,DA_Neurons,0.01064613088965416
Model,DA_Neurons,0.02801336720585823
Model,DA_Neurons,0.02609183080494404
Model,DA_Neurons,0.010843276977539062
Model,DA_Neurons,13.425921440124512
Model,DA_Neurons,17.126632690429688
Model,DA_Neurons,12.754682540893555
Model,DA_Neurons,7.850144386291504
Model,DA_Neurons,5.5341901779174805
Model,DA_Neurons,2.532198667526245
Model,DA_Neurons,1.5114712715148926
Model,DA_Neurons,0.6092044711112976
Model,DA_Neurons,0.4203779399394989
Model,DA_Neurons,0.55149245262146
Model,DA_Neurons,0.12392470240592957
Model,DA_Neurons,0.019195737317204475
Model,DA_Neurons,0.014186517335474491
Model,DA_Neurons,0.023627230897545815
Model,DA_Neurons,0.015171934850513935
Model,DA_Neurons,0.015465016476809978
Model,DA_Neurons,0.03808213025331497
Model,DA_Neurons,0.026651084423065186
Model,DA_Neurons,0.013268740847706795
Model,DA_Neurons,13.240811347961426
Model,DA_Neurons,13.18896198272705
Model,DA_Neurons,13.647233009338379
Model,DA_Neurons,2.6147358417510986
Model,DA_Neurons,0.8367226123809814
Model,DA_Neurons,0.7903593182563782
Model,DA_Neurons,0.058115676045417786
Model,DA_Neurons,0.17162811756134033
Model,DA_Neurons,0.36943936347961426
Model,DA_Neurons,0.1366828829050064
Model,DA_Neurons,0.05596185848116875
Model,DA_Neurons,0.05367334559559822
Model,DA_Neurons,0.00931045413017273
Model,DA_Neurons,0.00722481869161129
Model,DA_Neurons,0.06353352218866348
Model,DA_Neurons,0.0081838583573699
Model,DA_Neurons,0.011658784933388233
Model,DA_Neurons,0.010655378922820091
Model,DA_Neurons,0.02496071346104145
Model,DA_Neurons,11.56851863861084
Model,DA_Neurons,5.380932331085205
Model,DA_Neurons,1.9053798913955688
Model,DA_Neurons,0.08464255928993225
Model,DA_Neurons,0.05318086966872215
Model,DA_Neurons,0.14755184948444366
Model,DA_Neurons,0.12705592811107635
Model,DA_Neurons,0.21629996597766876
Model,DA_Neurons,0.05969617888331413
Model,DA_Neurons,0.07125084847211838
Model,DA_Neurons,0.06296301633119583
Model,DA_Neurons,0.18771381676197052
Model,DA_Neurons,0.0323510505259037
Model,DA_Neurons,0.06512907892465591
Model,DA_Neurons,0.01630856655538082
Model,DA_Neurons,0.05345921963453293
Model,DA_Neurons,0.015948405489325523
Model,DA_Neurons,0.013607571832835674
Model,DA_Neurons,0.005504693370312452
Model,DA_Neurons,0.9103103876113892
Model,DA_Neurons,0.31151220202445984
Model,DA_Neurons,0.26715287566185
Model,DA_Neurons,0.0611700564622879
Model,DA_Neurons,0.09464768320322037
Model,DA_Neurons,0.027569301426410675
Model,DA_Neurons,0.089636892080307
Model,DA_Neurons,0.03797609359025955
Model,DA_Neurons,0.03288375213742256
Model,DA_Neurons,0.01801145263016224
Model,DA_Neurons,0.01605355367064476
Model,DA_Neurons,0.1501629799604416
Model,DA_Neurons,0.018909329548478127
Model,DA_Neurons,0.01509880367666483
Model,DA_Neurons,0.014405905269086361
Model,DA_Neurons,0.023396870121359825
Model,DA_Neurons,0.012538437731564045
Model,DA_Neurons,0.0027668585535138845
Model,DA_Neurons,0.008484418503940105
Model,DA_Neurons,0.017930960282683372
Model,DA_Neurons,0.42567116022109985
Model,DA_Neurons,0.044204387813806534
Model,DA_Neurons,0.17488189041614532
Model,DA_Neurons,0.024673644453287125
Model,DA_Neurons,0.364941269159317
Model,DA_Neurons,0.04280998185276985
Model,DA_Neurons,0.05360345169901848
Model,DA_Neurons,0.045822322368621826
Model,DA_Neurons,0.10042763501405716
Model,DA_Neurons,0.06132062152028084
Model,DA_Neurons,0.03997701779007912
Model,DA_Neurons,0.012092948891222477
Model,DA_Neurons,0.031115524470806122
Model,DA_Neurons,0.009101630188524723
Model,DA_Neurons,0.017457325011491776
Model,DA_Neurons,0.023982426151633263
Model,DA_Neurons,0.005500995088368654
Model,DA_Neurons,0.0008191201486624777
Model,DA_Neurons,0.0206703320145607
Model,DA_Neurons,0.09446756541728973
Model,DA_Neurons,0.23258887231349945
Model,DA_Neurons,0.04026375338435173
Model,DA_Neurons,0.1021045595407486
Model,DA_Neurons,0.01746981032192707
Model,DA_Neurons,0.12426231056451797
Model,DA_Neurons,0.041576508432626724
Model,DA_Neurons,0.02177548222243786
Model,DA_Neurons,0.006532997824251652
Model,DA_Neurons,0.01722186803817749
Model,DA_Neurons,0.0329345278441906
Model,DA_Neurons,0.022520529106259346
Model,DA_Neurons,0.01270981039851904
Model,DA_Neurons,0.01537576224654913
Model,DA_Neurons,0.007601423189043999
Model,DA_Neurons,0.0008595848339609802
Model,DA_Neurons,0.0005783368833363056
Model,DA_Neurons,0.0019864924252033234
Control,T_Cells,0.06835014373064041
Control,T_Cells,0.044928405433893204
Control,T_Cells,0.037736352533102036
Control,T_Cells,0.017952213063836098
Control,T_Cells,0.03614506870508194
Control,T_Cells,0.052670568227767944
Control,T_Cells,0.042410582304000854
Control,T_Cells,0.07075202465057373
Control,T_Cells,0.036789730191230774
Control,T_Cells,0.06818947941064835
Control,T_Cells,0.05287431553006172
Control,T_Cells,0.08514624089002609
Control,T_Cells,0.06381163001060486
Control,T_Cells,0.059835806488990784
Control,T_Cells,0.052109938114881516
Control,T_Cells,0.07041706889867783
Control,T_Cells,0.051460519433021545
Control,T_Cells,0.0653899535536766
Control,T_Cells,0.06876397132873535
Control,T_Cells,0.04970747232437134
Control,T_Cells,0.05696503818035126
Control,T_Cells,0.03916498273611069
Control,T_Cells,0.06681454926729202
Control,T_Cells,0.029730424284934998
Control,T_Cells,0.059899866580963135
Control,T_Cells,0.04346480965614319
Control,T_Cells,0.05180441588163376
Control,T_Cells,0.03573098033666611
Control,T_Cells,0.06243590638041496
Control,T_Cells,0.0184766948223114
Control,T_Cells,0.05221245065331459
Control,T_Cells,0.07142823934555054
Control,T_Cells,0.04646891728043556
Control,T_Cells,0.0623733326792717
Control,T_Cells,0.055552225559949875
Control,T_Cells,0.06286603957414627
Control,T_Cells,0.08890984207391739
Control,T_Cells,0.06463669240474701
Control,T_Cells,0.04335615038871765
Control,T_Cells,0.04275472089648247
Control,T_Cells,0.03743492066860199
Control,T_Cells,0.06688141077756882
Control,T_Cells,0.06730315834283829
Control,T_Cells,0.00939814280718565
Control,T_Cells,0.04579439014196396
Control,T_Cells,0.05615730956196785
Control,T_Cells,0.06547750532627106
Control,T_Cells,0.05540742352604866
Control,T_Cells,0.03380940482020378
Control,T_Cells,0.0671861544251442
Control,T_Cells,0.055030494928359985
Control,T_Cells,0.03957779332995415
Control,T_Cells,0.015646399930119514
Control,T_Cells,0.04410999268293381
Control,T_Cells,0.04695337265729904
Control,T_Cells,0.08128197491168976
Control,T_Cells,0.058689702302217484
Control,T_Cells,0.06363949179649353
Control,T_Cells,0.05313250422477722
Control,T_Cells,0.0622604601085186
Control,T_Cells,0.03452012315392494
Control,T_Cells,0.04739246889948845
Control,T_Cells,0.05165769159793854
Control,T_Cells,0.05417581647634506
Control,T_Cells,0.04948636516928673
Control,T_Cells,0.04004410281777382
Control,T_Cells,0.04141489416360855
Control,T_Cells,0.05899127200245857
Control,T_Cells,0.056225504726171494
Control,T_Cells,0.03292354941368103
Control,T_Cells,0.042102232575416565
Control,T_Cells,0.07188341021537781
Control,T_Cells,0.024457719177007675
Control,T_Cells,0.021687129512429237
Control,T_Cells,0.05107466131448746
Control,T_Cells,0.04979710653424263
Control,T_Cells,0.06315314024686813
Control,T_Cells,0.06736099720001221
Control,T_Cells,0.04063057526946068
Control,T_Cells,0.039991896599531174
Control,T_Cells,0.05846002697944641
Control,T_Cells,0.041705213487148285
Control,T_Cells,0.03217492625117302
Control,T_Cells,0.032434962689876556
Control,T_Cells,0.05024568364024162
Control,T_Cells,0.04231633245944977
Control,T_Cells,0.06535189598798752
Control,T_Cells,0.029033934697508812
Control,T_Cells,0.05117487162351608
Control,T_Cells,0.008066845126450062
Control,T_Cells,0.06017724424600601
Control,T_Cells,0.04289676249027252
Control,T_Cells,0.06223948299884796
Control,T_Cells,0.06760651618242264
Control,T_Cells,0.06370758265256882
Control,T_Cells,0.0610048770904541
Control,T_Cells,0.06361891329288483
Control,T_Cells,0.053255606442689896
Control,T_Cells,0.061693765223026276
Control,T_Cells,0.012145312502980232
Control,T_Cells,0.024091651663184166
Control,T_Cells,0.029331492260098457
Control,T_Cells,0.055924367159605026
Control,T_Cells,0.08890853822231293
Control,T_Cells,0.04483838751912117
Control,T_Cells,0.05220095068216324
Control,T_Cells,0.06593035161495209
Control,T_Cells,0.06404358148574829
Control,T_Cells,0.051050104200839996
Control,T_Cells,0.059191685169935226
Control,T_Cells,0.005502326413989067
Control,T_Cells,0.059995222836732864
Control,T_Cells,0.04786248505115509
Control,T_Cells,0.04946160316467285
Control,T_Cells,0.10097003728151321
Control,T_Cells,0.016294363886117935
Control,T_Cells,0.01615019515156746
Control,T_Cells,0.013768939301371574
Control,T_Cells,0.02518129162490368
Control,T_Cells,0.03265400230884552
Control,T_Cells,0.009233330376446247
Control,T_Cells,0.03103075549006462
Control,T_Cells,0.023471999913454056
Control,T_Cells,0.061703234910964966
Control,T_Cells,0.05211522802710533
Control,T_Cells,0.05398194119334221
Control,T_Cells,0.03557787090539932
Control,T_Cells,0.07132845371961594
Control,T_Cells,0.06633345037698746
Control,T_Cells,0.06036427989602089
Control,T_Cells,0.06099461019039154
Control,T_Cells,0.07296955585479736
Control,T_Cells,0.01642007566988468
Control,T_Cells,0.057247210294008255
Control,T_Cells,0.038280051201581955
Control,T_Cells,0.059836335480213165
Control,T_Cells,0.03291057422757149
Control,T_Cells,0.020824043080210686
Control,T_Cells,0.05185539647936821
Control,T_Cells,0.02276051603257656
Control,T_Cells,0.02188025414943695
Control,T_Cells,0.029406661167740822
Control,T_Cells,0.034308094531297684
Control,T_Cells,0.04283081740140915
Control,T_Cells,0.04701466113328934
Control,T_Cells,0.045009829103946686
Control,T_Cells,0.05336533859372139
Control,T_Cells,0.06272748112678528
Control,T_Cells,0.04627839848399162
Control,T_Cells,0.046804431825876236
Control,T_Cells,0.05030059069395065
Control,T_Cells,0.0468369722366333
Control,T_Cells,0.057632926851511
Control,T_Cells,0.064830482006073
Control,T_Cells,0.057514771819114685
Control,T_Cells,0.061768632382154465
Control,T_Cells,0.05043220892548561
Control,T_Cells,0.043889664113521576
Control,T_Cells,0.04983793944120407
Control,T_Cells,0.04136161133646965
Control,T_Cells,0.019052324816584587
Control,T_Cells,0.03294980153441429
Control,T_Cells,0.03762339428067207
Control,T_Cells,0.04541710764169693
Control,T_Cells,0.05503632128238678
Control,T_Cells,0.03326668590307236
Control,T_Cells,0.06464549899101257
Control,T_Cells,0.04559343308210373
Control,T_Cells,0.04944322630763054
Control,T_Cells,0.03748096525669098
Control,T_Cells,0.06155668571591377
Control,T_Cells,0.07280188798904419
Control,T_Cells,0.08517239987850189
Control,T_Cells,0.058110982179641724
Control,T_Cells,0.06248757988214493
Control,T_Cells,0.06268145889043808
Control,T_Cells,0.056729529052972794
Control,T_Cells,0.05395311862230301
Control,T_Cells,0.06102294847369194
Control,T_Cells,0.01789950579404831
Control,T_Cells,0.017308536916971207
Control,T_Cells,0.049218397587537766
Control,T_Cells,0.046733468770980835
Control,T_Cells,0.03205588087439537
Control,T_Cells,0.04236510768532753
Control,T_Cells,0.05511504039168358
Control,T_Cells,0.06619630753993988
Control,T_Cells,0.059112343937158585
Control,T_Cells,0.04542459547519684
Control,T_Cells,0.05423690006136894
Control,T_Cells,0.05885858088731766
Control,T_Cells,0.06680439412593842
Control,T_Cells,0.05743060261011124
Control,T_Cells,0.05918943136930466
Control,T_Cells,0.05411659553647041
Control,T_Cells,0.06668641418218613
Control,T_Cells,0.05676707625389099
Control,T_Cells,0.04385250434279442
Control,T_Cells,0.032170284539461136
Control,T_Cells,0.021279262378811836
Control,T_Cells,0.08448129892349243
Control,T_Cells,0.05149614065885544
Control,T_Cells,0.03200479596853256
Control,T_Cells,0.068928562104702
Control,T_Cells,0.04842511937022209
Control,T_Cells,0.07650487124919891
Control,T_Cells,0.04989438131451607
Control,T_Cells,0.057113781571388245
Control,T_Cells,0.025909755378961563
Control,T_Cells,0.06150243431329727
Control,T_Cells,0.05366450175642967
Control,T_Cells,0.07309422641992569
Control,T_Cells,0.07118582725524902
Control,T_Cells,0.06574743986129761
Control,T_Cells,0.08342263102531433
Control,T_Cells,0.04975586384534836
Control,T_Cells,0.05290213227272034
Control,T_Cells,0.05897441506385803
Control,T_Cells,0.041011568158864975
Control,T_Cells,0.033623386174440384
Control,T_Cells,0.010781675577163696
Control,T_Cells,0.019443929195404053
Control,T_Cells,0.03709738701581955
Control,T_Cells,0.03871934488415718
Control,T_Cells,0.04660298675298691
Control,T_Cells,0.04716408997774124
Control,T_Cells,0.044999003410339355
Control,T_Cells,0.044138353317976
Control,T_Cells,0.052985601127147675
Control,T_Cells,0.0392010360956192
Control,T_Cells,0.02512270212173462
Control,T_Cells,0.04716896638274193
Control,T_Cells,0.05173342302441597
Control,T_Cells,0.060526881366968155
Control,T_Cells,0.06513584405183792
Control,T_Cells,0.06835327297449112
Control,T_Cells,0.07258079946041107
Control,T_Cells,0.05931249260902405
Control,T_Cells,0.048607707023620605
Control,T_Cells,0.023517755791544914
Control,T_Cells,0.005810001399368048
Control,T_Cells,0.018188079819083214
Control,T_Cells,0.02753712609410286
Control,T_Cells,0.05545217916369438
Control,T_Cells,0.02517889253795147
Control,T_Cells,0.04487248510122299
Control,T_Cells,0.052622854709625244
Control,T_Cells,0.053259339183568954
Control,T_Cells,0.06545019894838333
Control,T_Cells,0.04615280404686928
Control,T_Cells,0.03277577459812164
Control,T_Cells,0.06047904118895531
Control,T_Cells,0.07246331125497818
Control,T_Cells,0.05630214139819145
Control,T_Cells,0.07713159918785095
Control,T_Cells,0.061756156384944916
Control,T_Cells,0.06367342919111252
Control,T_Cells,0.0666138082742691
Control,T_Cells,0.04044216498732567
Control,T_Cells,0.025341423228383064
Control,T_Cells,0.03560343384742737
Control,T_Cells,0.019839899614453316
Control,T_Cells,0.014587945304811
Control,T_Cells,0.030786758288741112
Control,T_Cells,0.043961163610219955
Control,T_Cells,0.054130978882312775
Control,T_Cells,0.0676870122551918
Control,T_Cells,0.0577249601483345
Control,T_Cells,0.04952983185648918
Control,T_Cells,0.06195710226893425
Control,T_Cells,0.05539362505078316
Control,T_Cells,0.06335561722517014
Control,T_Cells,0.04621618986129761
Control,T_Cells,0.05154528096318245
Control,T_Cells,0.054478611797094345
Control,T_Cells,0.05478950962424278
Control,T_Cells,0.0652228444814682
Control,T_Cells,0.03598351031541824
Control,T_Cells,0.05270550772547722
Control,T_Cells,0.046232592314481735
Control,T_Cells,0.015981482341885567
Control,T_Cells,0.008150329813361168
Control,T_Cells,0.018508171662688255
Control,T_Cells,0.051797010004520416
Control,T_Cells,0.054024048149585724
Control,T_Cells,0.059389159083366394
Control,T_Cells,0.0534653402864933
Control,T_Cells,0.09382621198892593
Control,T_Cells,0.060676056891679764
Control,T_Cells,0.06523287296295166
Control,T_Cells,0.07471661269664764
Control,T_Cells,0.0539512112736702
Control,T_Cells,0.05815780162811279
Control,T_Cells,0.07404984533786774
Control,T_Cells,0.05268217623233795
Control,T_Cells,0.07159768044948578
Control,T_Cells,0.04626087844371796
Control,T_Cells,0.06780864298343658
Control,T_Cells,0.0493740513920784
Control,T_Cells,0.05068596079945564
Control,T_Cells,0.05017239600419998
Control,T_Cells,0.0066830129362642765
Control,T_Cells,0.04814523831009865
Control,T_Cells,0.014910699799656868
Control,T_Cells,0.05893569812178612
Control,T_Cells,0.06474067270755768
Control,T_Cells,0.060910820960998535
Control,T_Cells,0.08003933727741241
Control,T_Cells,0.08498751372098923
Control,T_Cells,0.08049055188894272
Control,T_Cells,0.06879006326198578
Control,T_Cells,0.04708496853709221
Control,T_Cells,0.05631311610341072
Control,T_Cells,0.05416485294699669
Control,T_Cells,0.05870506912469864
Control,T_Cells,0.06793969124555588
Control,T_Cells,0.047066643834114075
Control,T_Cells,0.05449380353093147
Control,T_Cells,0.04370879381895065
Control,T_Cells,0.06779471039772034
Control,T_Cells,0.035296231508255005
Control,T_Cells,0.05434872582554817
Control,T_Cells,0.023166872560977936
Control,T_Cells,0.03409126028418541
Control,T_Cells,0.07320010662078857
Control,T_Cells,0.07559262216091156
Control,T_Cells,0.06810061633586884
Control,T_Cells,0.06439462304115295
Control,T_Cells,0.06646739691495895
Control,T_Cells,0.05791061371564865
Control,T_Cells,0.05906866863369942
Control,T_Cells,0.0657993033528328
Control,T_Cells,0.054963916540145874
Control,T_Cells,0.06799060851335526
Control,T_Cells,0.0671909973025322
Control,T_Cells,0.04956699535250664
Control,T_Cells,0.05579647794365883
Control,T_Cells,0.059381887316703796
Control,T_Cells,0.14003296196460724
Control,T_Cells,0.06768044829368591
Control,T_Cells,0.05150716006755829
Control,T_Cells,0.04451413080096245
Control,T_Cells,0.024339530616998672
Control,T_Cells,0.04852234199643135
Control,T_Cells,0.06771757453680038
Control,T_Cells,0.06815116107463837
Control,T_Cells,0.06191112473607063
Control,T_Cells,0.08032987266778946
Control,T_Cells,0.06169416010379791
Control,T_Cells,0.06397075206041336
Control,T_Cells,0.04936728999018669
Control,T_Cells,0.06653683632612228
Control,T_Cells,0.07087769359350204
Control,T_Cells,0.05830717459321022
Control,T_Cells,0.04395274817943573
Control,T_Cells,0.053745850920677185
Control,T_Cells,0.07451598346233368
Control,T_Cells,0.06537050753831863
Control,T_Cells,0.07094623893499374
Control,T_Cells,0.06585270911455154
Control,T_Cells,0.0427086278796196
Control,DA_Neurons,0.01929536648094654
Control,DA_Neurons,0.063152976334095
Control,DA_Neurons,0.07719376683235168
Control,DA_Neurons,0.005332260858267546
Control,DA_Neurons,0.00921760592609644
Control,DA_Neurons,0.04080723598599434
Control,DA_Neurons,0.030091388151049614
Control,DA_Neurons,0.014906177297234535
Control,DA_Neurons,0.012727847322821617
Control,DA_Neurons,0.015520022250711918
Control,DA_Neurons,0.025214411318302155
Control,DA_Neurons,0.01598270609974861
Control,DA_Neurons,0.014889941550791264
Control,DA_Neurons,0.019414393231272697
Control,DA_Neurons,0.017037376761436462
Control,DA_Neurons,0.02690061181783676
Control,DA_Neurons,0.022855857387185097
Control,DA_Neurons,0.007909273728728294
Control,DA_Neurons,0.01562877930700779
Control,DA_Neurons,0.016754712909460068
Control,DA_Neurons,0.016970518976449966
Control,DA_Neurons,0.017167164012789726
Control,DA_Neurons,0.11424582451581955
Control,DA_Neurons,0.03835403174161911
Control,DA_Neurons,0.008703701198101044
Control,DA_Neurons,0.014182579703629017
Control,DA_Neurons,0.026453590020537376
Control,DA_Neurons,0.022616250440478325
Control,DA_Neurons,0.01458774134516716
Control,DA_Neurons,0.04191802442073822
Control,DA_Neurons,0.01061371061950922
Control,DA_Neurons,0.013633995316922665
Control,DA_Neurons,0.019709425047039986
Control,DA_Neurons,0.01075221598148346
Control,DA_Neurons,0.011089963838458061
Control,DA_Neurons,0.0929851308465004
Control,DA_Neurons,0.03463926538825035
Control,DA_Neurons,0.024059098213911057
Control,DA_Neurons,0.011274373158812523
Control,DA_Neurons,0.009967109188437462
Control,DA_Neurons,0.02911340445280075
Control,DA_Neurons,0.1462315022945404
Control,DA_Neurons,0.01637955568730831
Control,DA_Neurons,0.007401022594422102
Control,DA_Neurons,0.05857954919338226
Control,DA_Neurons,0.015866216272115707
Control,DA_Neurons,0.055309828370809555
Control,DA_Neurons,0.022986721247434616
Control,DA_Neurons,0.10406240075826645
Control,DA_Neurons,0.06652986258268356
Control,DA_Neurons,0.028061464428901672
Control,DA_Neurons,0.027672072872519493
Control,DA_Neurons,0.02337009459733963
Control,DA_Neurons,0.01582534983754158
Control,DA_Neurons,0.11037832498550415
Control,DA_Neurons,0.0246533565223217
Control,DA_Neurons,0.012240617536008358
Control,DA_Neurons,0.12764610350131989
Control,DA_Neurons,0.1294204741716385
Control,DA_Neurons,0.5644131898880005
Control,DA_Neurons,4.967137336730957
Control,DA_Neurons,0.13627742230892181
Control,DA_Neurons,0.012363327667117119
Control,DA_Neurons,0.0658339411020279
Control,DA_Neurons,0.02799054980278015
Control,DA_Neurons,0.00645431037992239
Control,DA_Neurons,0.010653442703187466
Control,DA_Neurons,0.06940047442913055
Control,DA_Neurons,0.010081645101308823
Control,DA_Neurons,0.06485875695943832
Control,DA_Neurons,0.009245726279914379
Control,DA_Neurons,0.02137107402086258
Control,DA_Neurons,0.043959666043519974
Control,DA_Neurons,0.10257373750209808
Control,DA_Neurons,0.008679759688675404
Control,DA_Neurons,0.017191048711538315
Control,DA_Neurons,0.021616656333208084
Control,DA_Neurons,0.060029059648513794
Control,DA_Neurons,0.08328132331371307
Control,DA_Neurons,4.887024879455566
Control,DA_Neurons,3.011462688446045
Control,DA_Neurons,0.5494928956031799
Control,DA_Neurons,0.21595673263072968
Control,DA_Neurons,0.13221612572669983
Control,DA_Neurons,0.02674662508070469
Control,DA_Neurons,0.12403325736522675
Control,DA_Neurons,0.10082846134901047
Control,DA_Neurons,0.07352711260318756
Control,DA_Neurons,0.1403486281633377
Control,DA_Neurons,0.02258809097111225
Control,DA_Neurons,0.17344173789024353
Control,DA_Neurons,0.07103601843118668
Control,DA_Neurons,0.017432138323783875
Control,DA_Neurons,0.03582283854484558
Control,DA_Neurons,0.08212059736251831
Control,DA_Neurons,0.05356769263744354
Control,DA_Neurons,0.031266357749700546
Control,DA_Neurons,0.21007972955703735
Control,DA_Neurons,0.20947697758674622
Control,DA_Neurons,6.455717086791992
Control,DA_Neurons,13.75882625579834
Control,DA_Neurons,0.2502547800540924
Control,DA_Neurons,1.05295991897583
Control,DA_Neurons,0.10989797115325928
Control,DA_Neurons,0.2728866636753082
Control,DA_Neurons,0.2192121297121048
Control,DA_Neurons,0.10576403141021729
Control,DA_Neurons,0.09948258101940155
Control,DA_Neurons,0.09655135124921799
Control,DA_Neurons,0.027285922318696976
Control,DA_Neurons,0.01468394324183464
Control,DA_Neurons,0.09125853329896927
Control,DA_Neurons,0.026744436472654343
Control,DA_Neurons,0.13630545139312744
Control,DA_Neurons,0.019722335040569305
Control,DA_Neurons,0.16471467912197113
Control,DA_Neurons,0.08253412693738937
Control,DA_Neurons,0.2192961573600769
Control,DA_Neurons,0.36069706082344055
Control,DA_Neurons,1.81574285030365
Control,DA_Neurons,15.783429145812988
Control,DA_Neurons,12.060434341430664
Control,DA_Neurons,7.851801872253418
Control,DA_Neurons,1.2239810228347778
Control,DA_Neurons,0.4591095745563507
Control,DA_Neurons,0.30034828186035156
Control,DA_Neurons,0.030784981325268745
Control,DA_Neurons,0.10146170854568481
Control,DA_Neurons,0.21273203194141388
Control,DA_Neurons,0.07578305155038834
Control,DA_Neurons,0.021047526970505714
Control,DA_Neurons,0.1285087615251541
Control,DA_Neurons,0.31452345848083496
Control,DA_Neurons,0.16415761411190033
Control,DA_Neurons,0.008761726319789886
Control,DA_Neurons,0.07590529322624207
Control,DA_Neurons,0.11684980243444443
Control,DA_Neurons,0.2472817450761795
Control,DA_Neurons,1.0906506776809692
Control,DA_Neurons,13.632646560668945
Control,DA_Neurons,14.000495910644531
Control,DA_Neurons,13.773210525512695
Control,DA_Neurons,6.0465617179870605
Control,DA_Neurons,4.181303977966309
Control,DA_Neurons,0.48164546489715576
Control,DA_Neurons,0.41815441846847534
Control,DA_Neurons,0.5273975133895874
Control,DA_Neurons,0.16782346367835999
Control,DA_Neurons,0.6973016262054443
Control,DA_Neurons,0.5041082501411438
Control,DA_Neurons,0.3793979287147522
Control,DA_Neurons,0.96548992395401
Control,DA_Neurons,0.02116796001791954
Control,DA_Neurons,0.01091432198882103
Control,DA_Neurons,0.06399281322956085
Control,DA_Neurons,0.02030126564204693
Control,DA_Neurons,0.08103092014789581
Control,DA_Neurons,0.07980773597955704
Control,DA_Neurons,1.7153390645980835
Control,DA_Neurons,6.941238880157471
Control,DA_Neurons,15.076507568359375
Control,DA_Neurons,8.333662986755371
Control,DA_Neurons,2.2219653129577637
Control,DA_Neurons,1.681114673614502
Control,DA_Neurons,1.8287609815597534
Control,DA_Neurons,4.546238422393799
Control,DA_Neurons,0.4675544500350952
Control,DA_Neurons,0.1592933088541031
Control,DA_Neurons,1.0195964574813843
Control,DA_Neurons,6.739879608154297
Control,DA_Neurons,2.026710271835327
Control,DA_Neurons,0.0245744027197361
Control,DA_Neurons,0.05938228219747543
Control,DA_Neurons,0.02749692276120186
Control,DA_Neurons,0.10098431259393692
Control,DA_Neurons,0.1785883903503418
Control,DA_Neurons,0.6038854718208313
Control,DA_Neurons,0.8654546737670898
Control,DA_Neurons,5.66521692276001
Control,DA_Neurons,16.539770126342773
Control,DA_Neurons,16.340662002563477
Control,DA_Neurons,8.315587043762207
Control,DA_Neurons,3.0465900897979736
Control,DA_Neurons,4.558562278747559
Control,DA_Neurons,2.200979471206665
Control,DA_Neurons,0.4593023359775543
Control,DA_Neurons,0.1665620058774948
Control,DA_Neurons,0.2422477751970291
Control,DA_Neurons,0.5013397932052612
Control,DA_Neurons,0.8063257932662964
Control,DA_Neurons,0.06193258613348007
Control,DA_Neurons,0.01738337054848671
Control,DA_Neurons,0.04190310835838318
Control,DA_Neurons,0.1060914620757103
Control,DA_Neurons,0.042254865169525146
Control,DA_Neurons,0.39596229791641235
Control,DA_Neurons,0.6924974918365479
Control,DA_Neurons,2.6361336708068848
Control,DA_Neurons,9.183295249938965
Control,DA_Neurons,14.371905326843262
Control,DA_Neurons,10.86135196685791
Control,DA_Neurons,8.624204635620117
Control,DA_Neurons,8.421102523803711
Control,DA_Neurons,2.550518035888672
Control,DA_Neurons,1.7791213989257812
Control,DA_Neurons,3.7109553813934326
Control,DA_Neurons,3.0016236305236816
Control,DA_Neurons,3.720341444015503
Control,DA_Neurons,3.162715435028076
Control,DA_Neurons,0.04382513836026192
Control,DA_Neurons,0.022233635187149048
Control,DA_Neurons,0.06092352792620659
Control,DA_Neurons,0.1880773901939392
Control,DA_Neurons,0.15178105235099792
Control,DA_Neurons,0.20479151606559753
Control,DA_Neurons,0.15972429513931274
Control,DA_Neurons,0.9331462383270264
Control,DA_Neurons,1.1297894716262817
Control,DA_Neurons,9.79178524017334
Control,DA_Neurons,17.378398895263672
Control,DA_Neurons,14.85808277130127
Control,DA_Neurons,13.587570190429688
Control,DA_Neurons,8.521506309509277
Control,DA_Neurons,3.667653799057007
Control,DA_Neurons,4.626052379608154
Control,DA_Neurons,3.7394142150878906
Control,DA_Neurons,4.293008804321289
Control,DA_Neurons,2.7307426929473877
Control,DA_Neurons,0.029587887227535248
Control,DA_Neurons,0.023355556651949883
Control,DA_Neurons,0.013008985668420792
Control,DA_Neurons,0.010474247857928276
Control,DA_Neurons,0.1950800120830536
Control,DA_Neurons,0.04304078593850136
Control,DA_Neurons,0.664233922958374
Control,DA_Neurons,0.1627652794122696
Control,DA_Neurons,1.1995447874069214
Control,DA_Neurons,2.7422211170196533
Control,DA_Neurons,8.033122062683105
Control,DA_Neurons,14.743772506713867
Control,DA_Neurons,22.331308364868164
Control,DA_Neurons,18.154909133911133
Control,DA_Neurons,12.444061279296875
Control,DA_Neurons,6.758824825286865
Control,DA_Neurons,9.538435935974121
Control,DA_Neurons,3.735151529312134
Control,DA_Neurons,0.7984482645988464
Control,DA_Neurons,0.018512079492211342
Control,DA_Neurons,0.1322917491197586
Control,DA_Neurons,0.07826804369688034
Control,DA_Neurons,0.036524124443531036
Control,DA_Neurons,0.08088018000125885
Control,DA_Neurons,0.15685077011585236
Control,DA_Neurons,0.4352271556854248
Control,DA_Neurons,0.07497228682041168
Control,DA_Neurons,0.48023897409439087
Control,DA_Neurons,0.6533154249191284
Control,DA_Neurons,1.4436227083206177
Control,DA_Neurons,6.479594707489014
Control,DA_Neurons,15.41197681427002
Control,DA_Neurons,12.53891372680664
Control,DA_Neurons,14.560481071472168
Control,DA_Neurons,14.905755996704102
Control,DA_Neurons,4.746577262878418
Control,DA_Neurons,2.850984811782837
Control,DA_Neurons,0.7159143090248108
Control,DA_Neurons,0.0919979140162468
Control,DA_Neurons,0.05693930760025978
Control,DA_Neurons,0.014894970692694187
Control,DA_Neurons,0.04552365839481354
Control,DA_Neurons,0.29778578877449036
Control,DA_Neurons,0.03263294696807861
Control,DA_Neurons,0.19643306732177734
Control,DA_Neurons,0.5331522226333618
Control,DA_Neurons,0.30270376801490784
Control,DA_Neurons,0.4246973693370819
Control,DA_Neurons,0.6868453621864319
Control,DA_Neurons,0.22169262170791626
Control,DA_Neurons,2.0907142162323
Control,DA_Neurons,5.1269307136535645
Control,DA_Neurons,14.0369234085083
Control,DA_Neurons,19.721433639526367
Control,DA_Neurons,9.92801570892334
Control,DA_Neurons,3.4848194122314453
Control,DA_Neurons,0.899415910243988
Control,DA_Neurons,0.008781949989497662
Control,DA_Neurons,0.014389080926775932
Control,DA_Neurons,0.010971237905323505
Control,DA_Neurons,0.031618788838386536
Control,DA_Neurons,0.005977040622383356
Control,DA_Neurons,0.0110866017639637
Control,DA_Neurons,0.09871891885995865
Control,DA_Neurons,0.02120293490588665
Control,DA_Neurons,0.2377462238073349
Control,DA_Neurons,0.07933974266052246
Control,DA_Neurons,0.28826799988746643
Control,DA_Neurons,0.49512752890586853
Control,DA_Neurons,0.6879856586456299
Control,DA_Neurons,0.6289771199226379
Control,DA_Neurons,2.314635992050171
Control,DA_Neurons,11.721026420593262
Control,DA_Neurons,16.72987174987793
Control,DA_Neurons,5.236330032348633
Control,DA_Neurons,13.001301765441895
Control,DA_Neurons,0.006502152886241674
Control,DA_Neurons,0.013674881309270859
Control,DA_Neurons,0.009065615944564342
Control,DA_Neurons,0.10241253674030304
Control,DA_Neurons,0.025054452940821648
Control,DA_Neurons,0.016341552138328552
Control,DA_Neurons,0.1550540179014206
Control,DA_Neurons,0.07851523160934448
Control,DA_Neurons,0.12447766214609146
Control,DA_Neurons,0.18770024180412292
Control,DA_Neurons,0.4448586404323578
Control,DA_Neurons,0.24595826864242554
Control,DA_Neurons,0.19060726463794708
Control,DA_Neurons,0.7079237103462219
Control,DA_Neurons,0.5086061954498291
Control,DA_Neurons,1.0951311588287354
Control,DA_Neurons,3.380979299545288
Control,DA_Neurons,2.9718053340911865
Control,DA_Neurons,0.41106685996055603
Control,DA_Neurons,0.0033726338297128677
Control,DA_Neurons,0.017983609810471535
Control,DA_Neurons,0.013996540568768978
Control,DA_Neurons,0.015297600999474525
Control,DA_Neurons,0.017741313204169273
Control,DA_Neurons,0.06591582298278809
Control,DA_Neurons,0.2991810142993927
Control,DA_Neurons,0.1168207973241806
Control,DA_Neurons,0.03767623379826546
Control,DA_Neurons,0.18118079006671906
Control,DA_Neurons,0.023806162178516388
Control,DA_Neurons,0.3174600601196289
Control,DA_Neurons,0.05601947382092476
Control,DA_Neurons,0.24978111684322357
Control,DA_Neurons,0.09957274794578552
Control,DA_Neurons,0.05897705629467964
Control,DA_Neurons,0.18538708984851837
Control,DA_Neurons,0.21103760600090027
Control,DA_Neurons,0.09226293861865997
Control,DA_Neurons,0.0013981318334117532
Control,DA_Neurons,0.002976450137794018
Control,DA_Neurons,0.04350464046001434
Control,DA_Neurons,0.049826737493276596
Control,DA_Neurons,0.3101578652858734
Control,DA_Neurons,0.15122921764850616
Control,DA_Neurons,0.019258806481957436
Control,DA_Neurons,0.10744788497686386
Control,DA_Neurons,0.08526895195245743
Control,DA_Neurons,0.16117268800735474
Control,DA_Neurons,0.047479674220085144
Control,DA_Neurons,0.0950332060456276
Control,DA_Neurons,0.030903808772563934
Control,DA_Neurons,0.052690260112285614
Control,DA_Neurons,0.2086350917816162
Control,DA_Neurons,0.016274405643343925
Control,DA_Neurons,0.047134775668382645
Control,DA_Neurons,0.17751729488372803
Control,DA_Neurons,0.0867234393954277
