Group,Activation_Score
ROI_Model,0.13751617801627986
ROI_Model,0.07918983638087243
ROI_Model,0.01888819030561839
ROI_Model,0.045764328311784064
ROI_Model,0.11503666599458676
ROI_Model,0.12375162071740478
ROI_Model,0.11944836730276592
ROI_Model,0.16794179461339911
ROI_Model,0.16320769816072223
ROI_Model,0.15405506380691444
ROI_Model,0.16416968589642375
ROI_Model,0.17514904805250392
ROI_Model,0.1309072199872505
ROI_Model,0.24500963879269502
ROI_Model,0.18990971850710966
ROI_Model,0.2110907853380626
ROI_Model,0.248951892390299
ROI_Model,0.14802782564790484
ROI_Model,0.2401470833664621
ROI_Model,0.17164007277791715
ROI_Model,0.19043630354912117
ROI_Model,0.17296952441118763
ROI_Model,0.09769982139402408
ROI_Model,0.059424083434884256
ROI_Model,0.2512492373369742
ROI_Model,0.21908447309215462
ROI_Model,0.19791908620326149
ROI_Model,0.0597413764350789
ROI_Model,0.08324660877453177
ROI_Model,0.17485252511142488
ROI_Model,0.1284845529857155
ROI_Model,0.1930218444620088
ROI_Model,0.264466561867109
ROI_Model,0.18812364067388088
ROI_Model,0.18408887136474233
ROI_Model,0.15119869001998817
ROI_Model,0.21379154462080735
ROI_Model,0.1923171353579365
ROI_Model,0.20404558330608183
ROI_Model,0.0386986765042861
ROI_Model,0.20318708611172578
ROI_Model,0.2512229775372423
ROI_Model,0.06180285410737513
ROI_Model,0.3029989160954487
ROI_Model,0.13161756601620678
ROI_Model,0.1546317980839656
ROI_Model,0.1585872849758918
ROI_Model,0.19738752786132405
ROI_Model,0.26917383968497866
ROI_Model,0.12316997221348147
ROI_Model,0.10610600372354853
ROI_Model,0.11712287892997594
ROI_Model,0.15514318772914548
ROI_Model,0.11411299620450807
ROI_Model,0.09867385830501779
ROI_Model,0.17715124568280038
ROI_Model,0.17432124811404257
ROI_Model,0.1469636795379911
ROI_Model,0.21022128819621924
ROI_Model,0.24939126673350764
ROI_Model,0.15749559487520384
ROI_Model,0.2078014633461517
ROI_Model,0.16505178400505346
ROI_Model,0.11473916937807863
ROI_Model,0.17261983093742275
ROI_Model,0.059304408670933645
ROI_Model,0.21838839822256714
ROI_Model,0.11318773157487613
ROI_Model,0.16047158554910684
ROI_Model,0.18252005000311128
ROI_Model,0.1904086209459847
ROI_Model,0.13846008607509275
ROI_Model,0.17688465105118428
ROI_Model,0.11500320267119138
ROI_Model,0.18845664125886916
ROI_Model,0.16926147374288164
ROI_Model,0.12905588603205773
ROI_Model,0.19543195740966626
ROI_Model,0.10939112142841423
ROI_Model,0.10386342188985054
ROI_Model,0.26377596730239683
ROI_Model,0.15589077722534556
ROI_Model,0.09043271897761451
ROI_Model,0.19215866102688556
ROI_Model,0.1519555886054916
ROI_Model,0.10647596902273171
ROI_Model,0.15564201760584426
ROI_Model,0.18565258599709775
ROI_Model,0.22121919198179724
ROI_Model,0.2309543709026664
ROI_Model,0.016734299917550655
ROI_Model,0.0868703421940373
ROI_Model,0.16506653020746065
ROI_Model,0.11330066117953297
ROI_Model,0.07530711971663581
ROI_Model,0.25315873997665966
ROI_Model,0.22815905220665392
ROI_Model,0.08449859849053751
ROI_Model,0.26759075945702154
ROI_Model,0.13988530755441722
ROI_Model,0.18017483528375358
ROI_Model,0.161488956299381
ROI_Model,0.2215083490646005
ROI_Model,0.10070177583790144
ROI_Model,0.18643458950081
ROI_Model,0.06179999547658557
ROI_Model,0.13236503470834413
ROI_Model,0.19202212559073797
ROI_Model,0.18948719852345444
ROI_Model,0.07337045456919253
ROI_Model,0.09588063653629092
ROI_Model,-0.024984043045851945
ROI_Model,0.14830943360642315
ROI_Model,0.22167140371690494
ROI_Model,0.12986513271246736
ROI_Model,0.1378562264352073
ROI_Model,0.2586681478664097
ROI_Model,0.19021849076750555
ROI_Model,-0.03688300074542247
ROI_Model,0.019839159953288554
ROI_Model,-0.07442521165180101
ROI_Model,-0.006165056988812867
ROI_Model,0.21021390612441693
ROI_Model,-0.21303953853339255
ROI_Model,0.15415652486658682
ROI_Model,0.11129513299850585
ROI_Model,0.2247415375682954
ROI_Model,0.20734482425511083
ROI_Model,0.2264851796852971
ROI_Model,0.09800982947067804
ROI_Model,0.06525722322123773
ROI_Model,0.14411740478464594
ROI_Model,0.2146511860648658
ROI_Model,0.150406835204117
ROI_Model,0.07182281033251198
ROI_Model,0.2355889287946482
ROI_Model,0.29248592752543845
ROI_Model,0.16075888259487936
ROI_Model,0.121187835632758
ROI_Model,0.18055882275835458
ROI_Model,0.10452538841677081
ROI_Model,0.14352850079403542
ROI_Model,0.1962080754032369
ROI_Model,0.25148610061360577
ROI_Model,0.18969513221727966
ROI_Model,0.15699814899576417
ROI_Model,0.20682667157588863
ROI_Model,0.1850280635465879
ROI_Model,0.16740009603957537
ROI_Model,0.19182952045729856
ROI_Model,0.07518345177372962
ROI_Model,0.13075950964371627
ROI_Model,0.08621098956668388
ROI_Model,0.1711276802862501
ROI_Model,0.12555684865251962
ROI_Model,0.24478305741696055
ROI_Model,0.17538747832660823
ROI_Model,0.1876132518817217
ROI_Model,0.043352125879115494
ROI_Model,0.12934345824263965
ROI_Model,0.2139899169853831
ROI_Model,0.15297511974173114
ROI_Model,0.15924348732832413
ROI_Model,0.16291253157416843
ROI_Model,0.07329799784731575
ROI_Model,0.18534415342337313
ROI_Model,0.15925275030210534
ROI_Model,0.09622453453814572
ROI_Model,0.12379344443945314
ROI_Model,0.059636071905776133
ROI_Model,0.19072486737632963
ROI_Model,0.20094918992075503
ROI_Model,0.13237259154069914
ROI_Model,0.13548544816747557
ROI_Model,0.12634536886427844
ROI_Model,0.16612994298754197
ROI_Model,0.2497553600781206
ROI_Model,0.09423161350365067
ROI_Model,0.17712255930289245
ROI_Model,0.18854859733794177
ROI_Model,0.1437613892316021
ROI_Model,0.13781871863432155
ROI_Model,0.20852743423104686
ROI_Model,0.19859202224408237
ROI_Model,0.16080499904743137
ROI_Model,0.10876043365153182
ROI_Model,0.17125260138857193
ROI_Model,0.15844206028558738
ROI_Model,0.05599174557986736
ROI_Model,0.1213885461340514
ROI_Model,0.0507292766103245
ROI_Model,0.14822469360985216
ROI_Model,0.12571996543452624
ROI_Model,0.18517037339035086
ROI_Model,0.2287148423285256
ROI_Model,0.04705608847946627
ROI_Model,0.2101690224314746
ROI_Model,0.28331342096977274
ROI_Model,0.24534673010359373
ROI_Model,0.12022136552145118
ROI_Model,0.12229060242938888
ROI_Model,0.22197066129516468
ROI_Model,0.03835046357800198
ROI_Model,0.13469492565163532
ROI_Model,0.12781069323902278
ROI_Model,0.1771598081524954
ROI_Model,0.04480113911389508
ROI_Model,0.1529759902220506
ROI_Model,0.1431629462385656
ROI_Model,-0.028625410868305556
ROI_Model,0.13237043819831498
ROI_Model,0.1679028885287452
ROI_Model,0.20360096521600832
ROI_Model,0.14276533913585784
ROI_Model,0.13797337168966778
ROI_Model,0.24241536716154985
ROI_Model,0.1807234828155841
ROI_Model,0.16563946148224898
ROI_Model,0.11442085093877785
ROI_Model,0.15669063780220058
ROI_Model,-0.04187442859013876
ROI_Model,0.179302588354385
ROI_Model,0.031316900731727826
ROI_Model,0.08578559201430846
ROI_Model,0.15328673734314066
ROI_Model,0.13018753696046145
ROI_Model,0.007460177210528163
ROI_Model,-0.20789795177038697
ROI_Model,0.20926580341364628
ROI_Model,0.16419866983441336
ROI_Model,0.16811775975136983
ROI_Model,0.24687036875232538
ROI_Model,0.19894569693600453
ROI_Model,0.18500478650415222
ROI_Model,0.12111524036496779
ROI_Model,0.10426698061933484
ROI_Model,0.17452744430257058
ROI_Model,0.08948838232352982
ROI_Model,0.15149919697007738
ROI_Model,0.2607652973570552
ROI_Model,0.1667193426867924
ROI_Model,0.17814305315049594
ROI_Model,0.06600491956723573
ROI_Model,0.21188953382647288
ROI_Model,0.23612484020267174
ROI_Model,0.165690009809258
ROI_Model,0.02775459052992771
ROI_Model,0.1204669833050391
ROI_Model,0.18838517827998305
ROI_Model,0.21112108868500062
ROI_Model,0.1493202163490032
ROI_Model,0.22514038846112683
ROI_Model,0.20087651996442438
ROI_Model,0.14378062551768458
ROI_Model,0.13915587029728205
ROI_Model,0.19154103517266552
ROI_Model,0.12467912327884431
ROI_Model,0.11197822707951269
ROI_Model,0.1505410970254088
ROI_Model,0.13758711817538327
ROI_Model,0.10026712248822386
ROI_Model,0.19042255288382437
ROI_Model,0.21913945648316688
ROI_Model,0.06871615172495679
ROI_Model,0.1326156364901276
ROI_Model,0.12842909966822852
ROI_Model,0.18974803217012878
ROI_Model,0.19767068368003787
ROI_Model,0.20004522228985197
ROI_Model,0.19015782533282022
ROI_Model,0.21042485181304524
ROI_Model,0.17281797205989843
ROI_Model,0.04366364752834326
ROI_Model,0.029571157168916784
ROI_Model,-0.004628035469331604
ROI_Model,0.10771221361032696
ROI_Model,0.15454553481328448
ROI_Model,0.08256414197094594
ROI_Model,0.18491008794693115
ROI_Model,0.1323615511922932
ROI_Model,0.08697887115521044
ROI_Model,0.14793336564216059
ROI_Model,0.13449182744276034
ROI_Model,0.18010937210708158
ROI_Model,0.04457460611294478
ROI_Model,0.10544145120559062
ROI_Model,0.08598276331539007
ROI_Model,0.1731710366182104
ROI_Model,0.19530839611721146
ROI_Model,0.06666462769609363
ROI_Model,0.15098751694329476
ROI_Model,0.13556474088426418
ROI_Model,0.12335850150555938
ROI_Model,0.14316891308213556
ROI_Model,0.1978237462814569
ROI_Model,0.14568954845734663
ROI_Model,0.1626535732477671
ROI_Model,0.03167020510404539
ROI_Model,0.18287407408324105
ROI_Model,0.13490387036515986
ROI_Model,-0.006343359200319171
ROI_Model,0.22009071604729763
ROI_Model,0.034255175420406014
ROI_Model,0.17611527642278768
ROI_Model,0.14186133402778683
ROI_Model,0.1294916958580315
ROI_Model,0.05677459810091101
ROI_Model,0.21019931421630758
ROI_Model,0.16207886765500243
ROI_Model,0.11441756916152462
ROI_Model,0.22769962133239613
ROI_Model,0.18942770032978376
ROI_Model,0.12736574981523596
ROI_Model,0.14116129946947895
ROI_Model,0.13902578385777298
ROI_Model,0.10957154056831878
ROI_Model,0.051912047990588434
ROI_Model,0.11838250275838336
ROI_Model,-0.005794890482423043
ROI_Model,0.13592585871450877
ROI_Model,0.08453282703922743
ROI_Model,0.142371042649217
ROI_Model,0.20410663015733463
ROI_Model,0.07069243376071638
ROI_Model,0.19796609599454745
ROI_Model,0.18698346867343385
ROI_Model,0.16087841947740536
ROI_Model,0.0073219147015574915
ROI_Model,0.18084338423666216
ROI_Model,0.19128084448534777
ROI_Model,0.17687043683850515
ROI_Model,0.22983856929451593
ROI_Model,0.14336833254815212
ROI_Model,0.11010345042482797
ROI_Model,0.07702999855230752
ROI_Model,0.20666775655586983
ROI_Model,0.1214590980323528
ROI_Model,-0.007052586296596108
ROI_Model,0.14565299426432837
ROI_Model,0.1176617056496832
ROI_Model,0.16774029396848136
ROI_Model,0.13939226856465592
ROI_Model,0.13455354848434295
ROI_Model,0.19019601350378165
ROI_Model,0.13706658835395125
ROI_Model,0.1555096685819934
ROI_Model,0.08967527338493628
ROI_Model,0.23140945960845438
ROI_Model,-0.1800686380137568
ROI_Model,0.1986342002715554
ROI_Model,0.0892505772004824
ROI_Model,0.22476833945798505
ROI_Model,0.17824459182245944
ROI_Model,-0.0007776439256359791
ROI_Model,0.08815451263716917
ROI_Model,0.03810774555705995
ROI_Model,0.13465736342911735
ROI_Model,0.1555784031698935
ROI_Model,0.1653949310681227
ROI_Model,0.06911012746285702
ROI_Model,0.10917135053122193
ROI_Control,0.20524748458777253
ROI_Control,0.14085832580409052
ROI_Control,0.1122278438895575
ROI_Control,0.11575753340620129
ROI_Control,0.15817483917393682
ROI_Control,0.2713443769127496
ROI_Control,0.11493186707480696
ROI_Control,0.11287424357041068
ROI_Control,0.0882222223175542
ROI_Control,0.18862968623438806
ROI_Control,0.17498767482264255
ROI_Control,0.1406069867055419
ROI_Control,0.10779339095023166
ROI_Control,-0.03263981127021304
ROI_Control,0.1583648321354801
ROI_Control,0.1354217707379872
ROI_Control,0.09613071450155844
ROI_Control,0.12345542204685703
ROI_Control,0.23402845487413865
ROI_Control,0.2663170959106922
ROI_Control,0.11811198684549917
ROI_Control,0.16951125189080554
ROI_Control,0.20181048780247787
ROI_Control,0.10021648399008556
ROI_Control,0.10173640322924457
ROI_Control,0.18660510782414058
ROI_Control,0.13555951487925008
ROI_Control,0.12168656397556912
ROI_Control,0.1203365671461907
ROI_Control,0.17976901842200238
ROI_Control,0.2137130748733895
ROI_Control,0.20087250658500952
ROI_Control,0.19702535515511982
ROI_Control,0.15991463336923317
ROI_Control,0.11570483691982072
ROI_Control,0.05188043852447799
ROI_Control,0.24462410040125002
ROI_Control,0.15097070564261517
ROI_Control,0.11739643341721501
ROI_Control,0.14290182752619887
ROI_Control,0.07778476778347226
ROI_Control,0.0867612787180787
ROI_Control,0.09984195325419787
ROI_Control,0.1725358208153426
ROI_Control,0.11595755908534411
ROI_Control,0.20304655895849802
ROI_Control,0.0792599141664197
ROI_Control,0.10850426245692582
ROI_Control,0.1097201685708768
ROI_Control,0.16210190388669934
ROI_Control,0.09599724302323764
ROI_Control,0.1459639706340522
ROI_Control,0.20468006458303734
ROI_Control,0.14919657438760886
ROI_Control,0.03628942480055386
ROI_Control,0.23196994354626538
ROI_Control,0.19643107824102293
ROI_Control,0.15697481135195046
ROI_Control,0.21034359852207146
ROI_Control,0.2255950258461262
ROI_Control,0.16714898785088242
ROI_Control,0.1296648001059508
ROI_Control,0.16319711258844655
ROI_Control,0.1359418412647651
ROI_Control,0.20635081772820207
ROI_Control,0.1780650826999575
ROI_Control,0.05495903224849383
ROI_Control,0.1972033694436319
ROI_Control,0.12077904917058868
ROI_Control,0.07727854726306571
ROI_Control,0.1353080004221088
ROI_Control,0.1436692367296421
ROI_Control,0.15679473887584947
ROI_Control,0.21501806959792255
ROI_Control,0.08507909842558131
ROI_Control,0.1185513233128466
ROI_Control,0.1286739893714454
ROI_Control,0.15267391454681772
ROI_Control,0.1403506107819386
ROI_Control,0.15798177514453665
ROI_Control,0.13132393081052646
ROI_Control,0.110219209156972
ROI_Control,0.16704646719737995
ROI_Control,0.17653136641418388
ROI_Control,0.12835814163437656
ROI_Control,0.20604678074784633
ROI_Control,0.07965413403750263
ROI_Control,0.2129003003555264
ROI_Control,0.11433500363808144
ROI_Control,0.15428507208425465
ROI_Control,0.17081220599188324
ROI_Control,0.1612740210200366
ROI_Control,0.12288713548228625
ROI_Control,0.010716952807129837
ROI_Control,0.17822664118929452
ROI_Control,0.18479045072659733
ROI_Control,0.011948625578928146
ROI_Control,0.10356495498680618
ROI_Control,0.1457878206352991
ROI_Control,0.18197073984305595
ROI_Control,0.21733071067793047
ROI_Control,0.19076856588705993
ROI_Control,0.19844202679003628
ROI_Control,0.11377168326340659
ROI_Control,0.16637909093429412
ROI_Control,0.14665733704731748
ROI_Control,0.15935435130311762
ROI_Control,0.1480002836505971
ROI_Control,0.14573352166774411
ROI_Control,0.15018161948575093
ROI_Control,0.24488785607094482
ROI_Control,0.17841763041888592
ROI_Control,0.09579947879880568
ROI_Control,0.1933348141652153
ROI_Control,0.08479069440792766
ROI_Control,0.1776174570007069
ROI_Control,0.14979808997682637
ROI_Control,0.07665095700069416
ROI_Control,0.08751791117582033
ROI_Control,0.06018602469294365
ROI_Control,0.20705749797183134
ROI_Control,0.22578291496970052
ROI_Control,0.2130018507224926
ROI_Control,0.1268739220556474
ROI_Control,0.03923445933372813
ROI_Control,0.07285418299129576
ROI_Control,0.11899729416920587
ROI_Control,0.07440128686568939
ROI_Control,0.16154929640035298
ROI_Control,0.20088991645719426
ROI_Control,0.09745845873087414
ROI_Control,0.1268080579264374
ROI_Control,0.08305176484544938
ROI_Control,0.08514211090113408
ROI_Control,0.043234169350287066
ROI_Control,0.17544134697122052
ROI_Control,0.09998294063236401
ROI_Control,0.1663524664631124
ROI_Control,0.20283403338131428
ROI_Control,0.10293523224699855
ROI_Control,0.2709109089446307
ROI_Control,0.2152879480002583
ROI_Control,0.049704266896880483
ROI_Control,0.18366113780201346
ROI_Control,0.12393447640481733
ROI_Control,0.08895054369865851
ROI_Control,0.13397035630650345
ROI_Control,0.19804824860465436
ROI_Control,0.15097866608546331
ROI_Control,0.05180475305155369
ROI_Control,0.1437437857273829
ROI_Control,0.06351642598010757
ROI_Control,0.13051095362358137
ROI_Control,0.14154994447893124
ROI_Control,0.16987546444470797
ROI_Control,0.040169158375249925
ROI_Control,0.1506167912031363
ROI_Control,0.11910819701659373
ROI_Control,0.08177073105521823
ROI_Control,0.15707670180428118
ROI_Control,0.20416927045271416
ROI_Control,0.17825207875059332
ROI_Control,0.04379687646825442
ROI_Control,0.14024812893458166
ROI_Control,0.07775620320436019
ROI_Control,0.16377871238534136
ROI_Control,0.0331142152033522
ROI_Control,0.1381116969928295
ROI_Control,0.13341677321771048
ROI_Control,0.03541265004454647
ROI_Control,0.1516598201249887
ROI_Control,0.18214768217824642
ROI_Control,0.17430324060063698
ROI_Control,0.12694743019814209
ROI_Control,0.03760758816464954
ROI_Control,0.10428294336782518
ROI_Control,0.03207242442346869
ROI_Control,-0.011568595002194565
ROI_Control,0.06773610849975872
ROI_Control,0.21645143877303719
ROI_Control,0.23501766405775396
ROI_Control,0.09356731568424728
ROI_Control,0.1467139247800727
ROI_Control,0.08029056372849838
ROI_Control,0.14973147909511025
ROI_Control,0.1897528939688352
ROI_Control,0.0724444600650698
ROI_Control,0.18286891725151036
ROI_Control,0.12222443137280517
ROI_Control,0.06584262734937299
ROI_Control,0.022831790091069115
ROI_Control,0.16589540714935846
ROI_Control,0.094876951796554
ROI_Control,0.13884018549286534
ROI_Control,0.14405377666022598
ROI_Control,0.1102446740287602
ROI_Control,0.20856617339611583
ROI_Control,0.04378137527368006
ROI_Control,0.18725976019001325
ROI_Control,0.19776863597308514
ROI_Control,0.16987865731336071
ROI_Control,0.09637160152363008
ROI_Control,0.15249676249896404
ROI_Control,0.17975843550768186
ROI_Control,0.15655439992413472
ROI_Control,0.1591445768424367
ROI_Control,0.05315852058903958
ROI_Control,0.13042164912059023
ROI_Control,0.10587647288140645
ROI_Control,0.14718438882625753
ROI_Control,0.16210256704651524
ROI_Control,0.1844347170496997
ROI_Control,-0.0719188089288331
ROI_Control,0.19154420026568664
ROI_Control,0.20960817049976974
ROI_Control,0.17090629813663138
ROI_Control,0.017216959924602177
ROI_Control,0.15123021230516892
ROI_Control,0.04032694788415028
ROI_Control,0.17600281116289967
ROI_Control,0.1553499075348428
ROI_Control,0.17280133990539756
ROI_Control,0.09317330625676523
ROI_Control,0.11425271826311367
ROI_Control,0.20103335367264424
ROI_Control,0.031128379347066554
ROI_Control,0.1499110254289846
ROI_Control,0.09164048543608974
ROI_Control,0.1847660779421412
ROI_Control,0.12989615410599553
ROI_Control,0.13925236789146264
ROI_Control,-0.03226050684683299
ROI_Control,0.10083194932544243
ROI_Control,0.10664729848753249
ROI_Control,0.12955628470034902
ROI_Control,0.20905318626990685
ROI_Control,0.0010827839573888942
ROI_Control,0.09801374536958693
ROI_Control,0.07694324807844302
ROI_Control,0.10008314760233647
ROI_Control,0.2009106275097051
ROI_Control,0.20319271672396624
ROI_Control,0.13379784292201932
ROI_Control,0.06958118861867166
ROI_Control,0.09546566674010279
ROI_Control,0.1428993259916869
ROI_Control,0.18476938749502603
ROI_Control,0.1117033101909004
ROI_Control,0.14020706512191752
ROI_Control,0.06888956941223992
ROI_Control,0.16168889393375868
ROI_Control,0.10900647272101482
ROI_Control,0.029366132274785017
ROI_Control,0.0745849876499495
ROI_Control,0.12402574899071703
ROI_Control,0.05325597803728238
ROI_Control,0.09510033651604968
ROI_Control,0.1564106357801984
ROI_Control,0.1695122775957071
ROI_Control,0.19557993494414436
ROI_Control,0.1911349866701209
ROI_Control,0.20623776333254984
ROI_Control,0.15302223106690474
ROI_Control,0.15832394368140862
ROI_Control,0.15128072381949875
ROI_Control,0.13852476236413555
ROI_Control,0.008902388472222161
ROI_Control,0.13048142865881604
ROI_Control,0.19579203352082933
ROI_Control,0.016562711700813693
ROI_Control,0.06501748928656945
ROI_Control,0.00892394256166526
ROI_Control,0.07870785302275929
ROI_Control,0.11445947760589414
ROI_Control,0.19675952149606998
ROI_Control,0.18263038690539377
ROI_Control,0.15940336466101368
ROI_Control,0.13525565319103808
ROI_Control,0.06676520239416442
ROI_Control,0.10910006350896828
ROI_Control,0.10714084581122083
ROI_Control,0.2443242340183577
ROI_Control,0.13490570495226978
ROI_Control,0.11620686803773095
ROI_Control,0.16091069449549136
ROI_Control,0.13942196297406353
ROI_Control,0.07685883986112665
ROI_Control,0.15071074566580647
ROI_Control,0.15367059271736955
ROI_Control,0.029747690046112663
ROI_Control,0.10757430553967867
ROI_Control,0.1454460118526599
ROI_Control,0.15772831546290134
ROI_Control,0.16019262371786194
ROI_Control,0.1504315331893887
ROI_Control,0.15513114293947933
ROI_Control,-0.06818136978175994
ROI_Control,0.02578066583461186
ROI_Control,0.17386148021106868
ROI_Control,0.15532916737772282
ROI_Control,0.08059261229258846
ROI_Control,0.15516802432677948
ROI_Control,0.07304198161149633
ROI_Control,0.2074689499643468
ROI_Control,0.26215518437899077
ROI_Control,0.13753858298362298
ROI_Control,-0.09003291215120485
ROI_Control,0.12857311545407094
ROI_Control,0.14219853497933652
ROI_Control,0.15926586385554692
ROI_Control,0.19028836548527747
ROI_Control,0.04394299316831521
ROI_Control,0.12876292960167995
ROI_Control,0.047273613271638815
ROI_Control,0.1331315220000353
ROI_Control,0.1525664325541876
ROI_Control,0.09266478368138259
ROI_Control,0.14004265836781613
ROI_Control,0.171294635089079
ROI_Control,0.05190140068730384
ROI_Control,0.13140030170364125
ROI_Control,0.07641558337503981
ROI_Control,0.16940020305522976
ROI_Control,0.0956240472453361
ROI_Control,0.11404044632130245
ROI_Control,0.17462994967283083
ROI_Control,0.13239046110623126
ROI_Control,0.09147496825476553
ROI_Control,0.06227969279390247
ROI_Control,0.08931786280411941
ROI_Control,0.05365200631461681
ROI_Control,0.007640928063238489
ROI_Control,0.16865699493233843
ROI_Control,-0.01562747216410726
ROI_Control,0.10080302838099042
ROI_Control,0.202768450862455
ROI_Control,0.16419174307033238
ROI_Control,0.1186802242378992
ROI_Control,0.018636145121277786
ROI_Control,0.17459504341202037
ROI_Control,0.0825669742879793
ROI_Control,0.07546436135452594
ROI_Control,0.13011875785181223
ROI_Control,0.10476829335841048
ROI_Control,0.1772631176870935
ROI_Control,0.17942600066845232
ROI_Control,0.10007716501038211
ROI_Control,0.1301148192273866
ROI_Control,0.03444562747725674
ROI_Control,0.04622437902118848
ROI_Control,0.07908443769350765
ROI_Control,0.10600504508385292
ROI_Control,0.13951735512468727
ROI_Control,0.12981653565680035
ROI_Control,-0.2147347440687709
ROI_Control,0.20027691850162538
ROI_Control,0.12256326218246746
ROI_Control,0.041573135616255724
ROI_Control,0.13869665843853055
ROI_Control,0.08550148179034059
ROI_Control,0.0892210053228083
