Target_Gene,Region,Distance
Galectin 3,Model_WholeBrain,1208.3045973594571
Galectin 3,Model_WholeBrain,921.9544457292888
Galectin 3,Model_WholeBrain,948.6832980505138
Galectin 3,Model_WholeBrain,806.2257748298549
Galectin 3,Model_WholeBrain,824.6211251235321
Galectin 3,Model_WholeBrain,1000.0
Galectin 3,Model_WholeBrain,1063.014581273465
Galectin 3,Model_WholeBrain,1131.370849898476
Galectin 3,Model_WholeBrain,707.1067811865476
Galectin 3,Model_WholeBrain,700.0
Galectin 3,Model_WholeBrain,1140.175425099138
Galectin 3,Model_WholeBrain,1220.6555615733703
Galectin 3,Model_WholeBrain,632.4555320336759
Galectin 3,Model_WholeBrain,1236.9316876852981
Galectin 3,Model_WholeBrain,1140.175425099138
Galectin 3,Model_WholeBrain,948.6832980505138
Galectin 3,Model_WholeBrain,824.6211251235321
Galectin 3,Model_WholeBrain,728.0109889280518
Galectin 3,Model_WholeBrain,412.31056256176606
Galectin 3,Model_WholeBrain,300.0
Galectin 3,Model_WholeBrain,360.5551275463989
Galectin 3,Model_WholeBrain,412.31056256176606
Galectin 3,Model_WholeBrain,447.21359549995793
Galectin 3,Model_WholeBrain,538.5164807134504
Galectin 3,Model_WholeBrain,608.276253029822
Galectin 3,Model_WholeBrain,100.0
Galectin 3,Model_WholeBrain,141.4213562373095
Galectin 3,Model_WholeBrain,707.1067811865476
Galectin 3,Model_WholeBrain,200.0
Galectin 3,Model_WholeBrain,0.0
Galectin 3,Model_WholeBrain,100.0
Galectin 3,Model_WholeBrain,806.2257748298549
Galectin 3,Model_WholeBrain,141.4213562373095
Galectin 3,Model_WholeBrain,806.2257748298549
Galectin 3,Model_WholeBrain,905.5385138137417
Galectin 3,Model_WholeBrain,848.5281374238571
Galectin 3,Model_WholeBrain,282.842712474619
Galectin 3,Model_WholeBrain,447.21359549995793
Galectin 3,Model_WholeBrain,921.9544457292888
Galectin 3,Model_WholeBrain,141.4213562373095
Galectin 3,Model_WholeBrain,316.22776601683796
Galectin 3,Model_WholeBrain,424.26406871192853
Galectin 3,Model_WholeBrain,921.9544457292888
Galectin 3,Model_WholeBrain,848.5281374238571
Galectin 3,Model_WholeBrain,608.276253029822
Galectin 3,Model_WholeBrain,1000.0
Galectin 3,Model_WholeBrain,943.3981132056604
Galectin 3,Model_WholeBrain,0.0
Galectin 3,Model_WholeBrain,200.0
Galectin 3,Model_WholeBrain,860.2325267042627
Galectin 3,Model_WholeBrain,583.09518948453
Galectin 3,Model_WholeBrain,509.9019513592785
Galectin 3,Model_WholeBrain,509.9019513592785
Galectin 3,Model_WholeBrain,538.5164807134504
Galectin 3,Model_WholeBrain,1431.7821063276353
Galectin 3,Model_WholeBrain,1029.5630140987
Galectin 3,Model_WholeBrain,948.6832980505138
Galectin 3,Model_WholeBrain,905.5385138137417
Galectin 3,Model_WholeBrain,640.3124237432849
Galectin 3,Model_WholeBrain,707.1067811865476
Galectin 3,Model_WholeBrain,640.3124237432849
Galectin 3,Model_WholeBrain,1166.19037896906
Galectin 3,Model_WholeBrain,1019.803902718557
Galectin 3,Model_WholeBrain,1004.987562112089
Galectin 3,Model_WholeBrain,0.0
Galectin 3,Model_WholeBrain,100.0
Galectin 3,Model_WholeBrain,781.0249675906655
Galectin 3,Model_WholeBrain,670.820393249937
Galectin 3,Model_WholeBrain,948.6832980505138
Galectin 3,Model_WholeBrain,1170.4699910719626
Galectin 3,Model_WholeBrain,141.4213562373095
Galectin 3,Model_WholeBrain,100.0
Galectin 3,Model_WholeBrain,670.820393249937
Galectin 3,Model_WholeBrain,632.4555320336759
Galectin 3,Model_WholeBrain,509.9019513592785
Galectin 3,Model_WholeBrain,700.0
Galectin 3,Model_WholeBrain,984.8857801796105
Galectin 3,Model_WholeBrain,894.4271909999159
Galectin 3,Model_WholeBrain,412.31056256176606
Galectin 3,Model_WholeBrain,223.60679774997897
Galectin 3,Model_WholeBrain,223.60679774997897
Galectin 3,Model_WholeBrain,1503.3296378372909
Galectin 3,Model_WholeBrain,223.60679774997897
Galectin 3,Model_WholeBrain,412.31056256176606
Galectin 3,Model_WholeBrain,223.60679774997897
Galectin 3,Model_WholeBrain,141.4213562373095
Galectin 3,Model_WholeBrain,100.0
Galectin 3,Model_WholeBrain,141.4213562373095
Galectin 3,Model_WholeBrain,223.60679774997897
Galectin 3,Model_WholeBrain,316.22776601683796
Galectin 3,Model_WholeBrain,412.31056256176606
Galectin 3,Model_WholeBrain,447.21359549995793
Galectin 3,Model_WholeBrain,600.0
Galectin 3,Model_WholeBrain,500.0
Galectin 3,Model_WholeBrain,200.0
Galectin 3,Model_WholeBrain,0.0
Galectin 3,Model_WholeBrain,1300.0
Galectin 3,Model_WholeBrain,447.21359549995793
Galectin 3,Model_WholeBrain,509.9019513592785
Galectin 3,Model_WholeBrain,583.09518948453
Galectin 3,Model_WholeBrain,640.3124237432849
Galectin 3,Model_WholeBrain,223.60679774997897
Galectin 3,Model_WholeBrain,100.0
Galectin 3,Model_WholeBrain,1300.0
Galectin 3,Model_WholeBrain,200.0
Galectin 3,Model_WholeBrain,300.0
Galectin 3,Model_WholeBrain,700.0
Galectin 3,Model_WholeBrain,728.0109889280518
Galectin 3,Model_WholeBrain,447.21359549995793
Galectin 3,Model_WholeBrain,500.0
Galectin 3,Model_WholeBrain,948.6832980505138
Galectin 3,Model_WholeBrain,608.276253029822
Galectin 3,Model_WholeBrain,761.5773105863908
Galectin 3,Model_WholeBrain,1029.5630140987
Galectin 3,Model_WholeBrain,360.5551275463989
Galectin 3,Model_WholeBrain,806.2257748298549
Galectin 3,Model_WholeBrain,721.1102550927978
Galectin 3,Model_WholeBrain,424.26406871192853
Galectin 3,Model_WholeBrain,781.0249675906655
Galectin 3,Model_WholeBrain,984.8857801796105
Galectin 3,Model_WholeBrain,848.5281374238571
Galectin 3,Model_WholeBrain,905.5385138137417
Galectin 3,Model_WholeBrain,806.2257748298549
Galectin 3,Model_WholeBrain,728.0109889280518
Galectin 3,Model_WholeBrain,538.5164807134504
Galectin 3,Model_WholeBrain,921.9544457292888
Galectin 3,Model_WholeBrain,824.6211251235321
Galectin 3,Model_WholeBrain,728.0109889280518
Galectin 3,Model_WholeBrain,538.5164807134504
Galectin 3,Model_WholeBrain,412.31056256176606
Galectin 3,Model_WholeBrain,1000.0
Galectin 3,Model_WholeBrain,761.5773105863908
Galectin 3,Model_WholeBrain,670.820393249937
Galectin 3,Model_WholeBrain,400.0
Galectin 3,Model_WholeBrain,640.3124237432849
Galectin 3,Model_WholeBrain,721.1102550927978
Galectin 3,Model_WholeBrain,640.3124237432849
Galectin 3,Model_WholeBrain,565.685424949238
Galectin 3,Model_WholeBrain,707.1067811865476
Galectin 3,Model_WholeBrain,860.2325267042627
Galectin 3,Model_WholeBrain,781.0249675906655
Galectin 3,Model_WholeBrain,707.1067811865476
Galectin 3,Model_WholeBrain,640.3124237432849
Galectin 3,Model_WholeBrain,781.0249675906655
Galectin 3,Model_WholeBrain,721.1102550927978
Galectin 3,Model_WholeBrain,670.820393249937
Galectin 3,Model_WholeBrain,632.4555320336759
Galectin 3,Model_WholeBrain,509.9019513592785
Galectin 3,Model_WholeBrain,728.0109889280518
Galectin 3,Model_WholeBrain,707.1067811865476
Galectin 3,Model_WholeBrain,447.21359549995793
Galectin 3,Model_WholeBrain,1000.0
Galectin 3,Model_WholeBrain,781.0249675906655
Galectin 3,Model_WholeBrain,640.3124237432849
Galectin 3,Model_WholeBrain,583.09518948453
Galectin 3,Model_WholeBrain,538.5164807134504
Galectin 3,Model_WholeBrain,640.3124237432849
Galectin 3,Model_WholeBrain,538.5164807134504
Galectin 3,Model_WholeBrain,707.1067811865476
Galectin 3,Model_WholeBrain,1562.049935181331
Galectin 3,Model_WholeBrain,360.5551275463989
Galectin 3,Model_WholeBrain,1077.0329614269008
Galectin 3,Model_WholeBrain,412.31056256176606
Galectin 3,Model_WholeBrain,600.0
Galectin 3,Model_WholeBrain,223.60679774997897
Galectin 3,Model_WholeBrain,141.4213562373095
Galectin 3,Model_WholeBrain,948.6832980505138
Galectin 3,Model_WholeBrain,316.22776601683796
Galectin 3,Model_WholeBrain,300.0
Galectin 3,Model_WholeBrain,316.22776601683796
Galectin 3,Model_WholeBrain,500.0
Galectin 3,Model_WholeBrain,707.1067811865476
Galectin 3,Model_WholeBrain,223.60679774997897
Galectin 3,Model_WholeBrain,282.842712474619
Galectin 3,Model_WholeBrain,412.31056256176606
Galectin 3,Model_WholeBrain,141.4213562373095
Galectin 3,Model_WholeBrain,223.60679774997897
Galectin 3,Model_WholeBrain,608.276253029822
Galectin 3,Model_WholeBrain,300.0
Galectin 3,Model_WholeBrain,400.0
Galectin 3,Model_WholeBrain,223.60679774997897
Galectin 3,Model_WholeBrain,316.22776601683796
Galectin 3,Model_WholeBrain,1019.803902718557
Galectin 3,Model_WholeBrain,538.5164807134504
Galectin 3,Model_WholeBrain,565.685424949238
Galectin 3,Model_WholeBrain,412.31056256176606
Galectin 3,Model_WholeBrain,509.9019513592785
Galectin 3,Model_WholeBrain,360.5551275463989
Galectin 3,Model_WholeBrain,500.0
Galectin 3,Model_WholeBrain,583.09518948453
Galectin 3,Model_WholeBrain,500.0
Galectin 3,Model_WholeBrain,538.5164807134504
Galectin 3,Model_WholeBrain,360.5551275463989
Galectin 3,Model_WholeBrain,282.842712474619
Galectin 3,Model_WholeBrain,1300.0
Galectin 3,Model_WholeBrain,509.9019513592785
Galectin 3,Model_WholeBrain,316.22776601683796
Galectin 3,Model_WholeBrain,223.60679774997897
Galectin 3,Model_WholeBrain,316.22776601683796
Galectin 3,Model_WholeBrain,400.0
Galectin 3,Model_WholeBrain,300.0
Galectin 3,Model_WholeBrain,200.0
Galectin 3,Model_WholeBrain,100.0
Galectin 3,Model_WholeBrain,100.0
Galectin 3,Model_WholeBrain,800.0
Galectin 3,Model_WholeBrain,900.0
Galectin 3,Model_WholeBrain,1000.0
Galectin 3,Model_WholeBrain,608.276253029822
Galectin 3,Model_WholeBrain,223.60679774997897
Galectin 3,Model_WholeBrain,141.4213562373095
Galectin 3,Model_WholeBrain,806.2257748298549
Galectin 3,Model_WholeBrain,360.5551275463989
Galectin 3,Model_WholeBrain,282.842712474619
Galectin 3,Model_WholeBrain,223.60679774997897
Galectin 3,Model_WholeBrain,447.21359549995793
Galectin 3,Model_WholeBrain,824.6211251235321
Galectin 3,Model_WholeBrain,921.9544457292888
Galectin 3,Model_WholeBrain,316.22776601683796
Galectin 3,Model_WholeBrain,721.1102550927978
Galectin 3,Model_WholeBrain,948.6832980505138
Galectin 3,Model_WholeBrain,806.2257748298549
Galectin 3,Model_WholeBrain,412.31056256176606
Galectin 3,Model_WholeBrain,984.8857801796105
Galectin 3,Model_WholeBrain,538.5164807134504
Galectin 3,Model_WholeBrain,509.9019513592785
Galectin 3,Model_WholeBrain,282.842712474619
Galectin 3,Model_WholeBrain,424.26406871192853
Galectin 3,Model_WholeBrain,608.276253029822
Galectin 3,Model_WholeBrain,608.276253029822
Galectin 3,Model_WholeBrain,1204.1594578792296
Galectin 3,Model_WholeBrain,1131.370849898476
Galectin 3,Model_WholeBrain,707.1067811865476
Galectin 3,Model_WholeBrain,509.9019513592785
Galectin 3,Model_WholeBrain,316.22776601683796
Galectin 3,Model_WholeBrain,500.0
Galectin 3,Model_WholeBrain,781.0249675906655
Galectin 3,Model_WholeBrain,565.685424949238
Galectin 3,Model_WholeBrain,412.31056256176606
Galectin 3,Model_WholeBrain,824.6211251235321
Galectin 3,Model_WholeBrain,781.0249675906655
Galectin 3,Model_WholeBrain,100.0
Galectin 3,Model_WholeBrain,500.0
Galectin 3,Model_WholeBrain,583.09518948453
Galectin 3,Model_WholeBrain,921.9544457292888
Galectin 3,Model_WholeBrain,905.5385138137417
Galectin 3,Model_WholeBrain,707.1067811865476
Galectin 3,Model_WholeBrain,360.5551275463989
Galectin 3,Model_WholeBrain,608.276253029822
Galectin 3,Model_WholeBrain,806.2257748298549
Galectin 3,Model_WholeBrain,447.21359549995793
Galectin 3,Model_WholeBrain,141.4213562373095
Galectin 3,Model_WholeBrain,700.0
Galectin 3,Model_WholeBrain,300.0
Galectin 3,Model_WholeBrain,707.1067811865476
Galectin 3,Model_WholeBrain,707.1067811865476
Galectin 3,Model_WholeBrain,447.21359549995793
Galectin 3,Model_WholeBrain,538.5164807134504
Galectin 3,Model_WholeBrain,282.842712474619
Galectin 3,Model_WholeBrain,500.0
Galectin 3,Model_WholeBrain,447.21359549995793
Galectin 3,Model_WholeBrain,424.26406871192853
Galectin 3,Model_WholeBrain,721.1102550927978
Galectin 3,Model_WholeBrain,781.0249675906655
Galectin 3,Model_WholeBrain,360.5551275463989
Galectin 3,Model_WholeBrain,781.0249675906655
Galectin 3,Model_WholeBrain,100.0
Galectin 3,Model_WholeBrain,360.5551275463989
Galectin 3,Model_WholeBrain,948.6832980505138
Galectin 3,Model_WholeBrain,316.22776601683796
Galectin 3,Model_WholeBrain,670.820393249937
Galectin 3,Model_WholeBrain,447.21359549995793
Galectin 3,Model_WholeBrain,500.0
Galectin 3,Model_WholeBrain,400.0
Galectin 3,Model_WholeBrain,500.0
Galectin 3,Model_WholeBrain,282.842712474619
Galectin 3,Model_WholeBrain,360.5551275463989
Galectin 3,Model_WholeBrain,640.3124237432849
Galectin 3,Model_WholeBrain,632.4555320336759
Galectin 3,Model_WholeBrain,538.5164807134504
Galectin 3,Model_WholeBrain,500.0
Galectin 3,Model_WholeBrain,424.26406871192853
Galectin 3,Model_WholeBrain,360.5551275463989
Galectin 3,Model_WholeBrain,707.1067811865476
Galectin 3,Model_WholeBrain,412.31056256176606
Galectin 3,Model_WholeBrain,412.31056256176606
Galectin 3,Model_WholeBrain,200.0
Galectin 3,Model_WholeBrain,500.0
Galectin 3,Model_WholeBrain,806.2257748298549
Galectin 3,Model_WholeBrain,200.0
Galectin 3,Model_WholeBrain,200.0
Galectin 3,Model_WholeBrain,400.0
Galectin 3,Model_WholeBrain,500.0
Galectin 3,Model_WholeBrain,583.09518948453
Galectin 3,Model_WholeBrain,721.1102550927978
Galectin 3,Model_WholeBrain,100.0
Galectin 3,Model_WholeBrain,141.4213562373095
Galectin 3,Model_WholeBrain,412.31056256176606
Galectin 3,Model_WholeBrain,781.0249675906655
Galectin 3,Model_WholeBrain,509.9019513592785
Galectin 3,Model_WholeBrain,223.60679774997897
Galectin 3,Model_WholeBrain,282.842712474619
Galectin 3,Model_WholeBrain,447.21359549995793
Galectin 3,Model_WholeBrain,282.842712474619
Galectin 3,Model_WholeBrain,316.22776601683796
Galectin 3,Model_WholeBrain,707.1067811865476
Galectin 3,Model_WholeBrain,806.2257748298549
Galectin 3,Model_WholeBrain,412.31056256176606
Galectin 3,Model_WholeBrain,282.842712474619
Galectin 3,Model_WholeBrain,424.26406871192853
Galectin 3,Model_WholeBrain,500.0
Galectin 3,Model_WholeBrain,223.60679774997897
Galectin 3,Model_WholeBrain,100.0
Galectin 3,Model_WholeBrain,921.9544457292888
Galectin 3,Model_WholeBrain,824.6211251235321
Galectin 3,Model_WholeBrain,400.0
Galectin 3,Model_WholeBrain,100.0
Galectin 3,Model_WholeBrain,0.0
Galectin 3,Model_WholeBrain,223.60679774997897
Galectin 3,Model_WholeBrain,721.1102550927978
Galectin 3,Model_WholeBrain,316.22776601683796
Galectin 3,Model_WholeBrain,100.0
Galectin 3,Model_WholeBrain,200.0
Galectin 3,Model_WholeBrain,223.60679774997897
Galectin 3,Model_WholeBrain,300.0
Galectin 3,Model_WholeBrain,223.60679774997897
Galectin 3,Model_WholeBrain,141.4213562373095
Galectin 3,Model_WholeBrain,282.842712474619
Galectin 3,Model_WholeBrain,223.60679774997897
Galectin 3,Model_WholeBrain,447.21359549995793
Galectin 3,Model_WholeBrain,141.4213562373095
Galectin 3,Model_WholeBrain,200.0
Galectin 3,Model_WholeBrain,0.0
Galectin 3,Model_WholeBrain,1627.8820596099706
Galectin 3,Model_WholeBrain,848.5281374238571
Galectin 3,Model_WholeBrain,1000.0
Galectin 3,Model_WholeBrain,223.60679774997897
Galectin 3,Model_WholeBrain,100.0
Galectin 3,Model_WholeBrain,223.60679774997897
Galectin 3,Model_WholeBrain,412.31056256176606
Galectin 3,Model_WholeBrain,943.3981132056604
Galectin 3,Model_WholeBrain,1300.0
Galectin 3,Model_WholeBrain,200.0
Galectin 3,Model_WholeBrain,640.3124237432849
Galectin 3,Model_WholeBrain,1264.9110640673518
Galectin 3,Model_WholeBrain,700.0
Galectin 3,Model_WholeBrain,100.0
Galectin 3,Model_WholeBrain,300.0
Galectin 3,Model_WholeBrain,360.5551275463989
Galectin 3,Model_WholeBrain,721.1102550927978
Galectin 3,Model_WholeBrain,1104.536101718726
Galectin 3,Model_WholeBrain,316.22776601683796
Galectin 3,Model_WholeBrain,223.60679774997897
Galectin 3,Model_WholeBrain,1019.803902718557
Galectin 3,Model_WholeBrain,538.5164807134504
Galectin 3,Model_WholeBrain,447.21359549995793
Galectin 3,Model_WholeBrain,360.5551275463989
Galectin 3,Model_WholeBrain,948.6832980505138
Galectin 3,Model_WholeBrain,424.26406871192853
Galectin 3,Model_WholeBrain,1170.4699910719626
Galectin 3,Model_WholeBrain,984.8857801796105
Galectin 3,Model_WholeBrain,894.4271909999159
Galectin 3,Model_WholeBrain,640.3124237432849
Galectin 3,Model_WholeBrain,565.685424949238
Galectin 3,Model_WholeBrain,412.31056256176606
Galectin 3,Model_WholeBrain,1300.0
Galectin 3,Model_WholeBrain,1315.2946437965904
Galectin 3,Model_WholeBrain,1252.9964086141667
Galectin 3,Model_WholeBrain,670.820393249937
Galectin 3,Model_WholeBrain,1200.0
Galectin 3,Model_WholeBrain,1140.175425099138
Galectin 3,Model_WholeBrain,1063.014581273465
Galectin 3,Model_WholeBrain,921.9544457292888
Galectin 3,Model_WholeBrain,860.2325267042627
Galectin 3,Model_WholeBrain,806.2257748298549
Galectin 3,Model_WholeBrain,761.5773105863908
Galectin 3,Model_WholeBrain,1000.0
Galectin 3,Model_WholeBrain,943.3981132056604
Galectin 3,Model_WholeBrain,894.4271909999159
Galectin 3,Model_WholeBrain,854.4003745317531
Galectin 3,Model_WholeBrain,824.6211251235321
Galectin 3,Model_WholeBrain,806.2257748298549
Galectin 3,Model_WholeBrain,1044.030650891055
Galectin 3,Model_WholeBrain,1029.5630140987
Galectin 3,Model_WholeBrain,984.8857801796105
Galectin 3,Model_WholeBrain,948.6832980505138
Galectin 3,Model_WholeBrain,921.9544457292888
Galectin 3,Model_WholeBrain,905.5385138137417
Galectin 3,Model_WholeBrain,1000.0
Galectin 3,Model_WholeBrain,1004.987562112089
Galectin 3,Model_WholeBrain,1118.033988749895
Galectin 3,Model_WholeBrain,1140.175425099138
Galectin 3,Model_WholeBrain,921.9544457292888
Galectin 3,Model_WholeBrain,921.9544457292888
Galectin 3,Model_WholeBrain,824.6211251235321
Galectin 3,Model_WholeBrain,761.5773105863908
Galectin 3,Model_WholeBrain,1170.4699910719626
Galectin 3,Model_WholeBrain,1341.640786499874
Galectin 3,Model_WholeBrain,1389.2443989449805
Galectin 3,Model_WholeBrain,1476.48230602334
Galectin 3,Model_WholeBrain,1526.4337522473747
Galectin 3,Model_WholeBrain,1431.7821063276353
Galectin 3,Model_WholeBrain,1360.1470508735442
Galectin 3,Model_WholeBrain,1264.9110640673518
Galectin 3,Model_WholeBrain,412.31056256176606
Galectin 3,Model_WholeBrain,1300.0
Galectin 3,Model_WholeBrain,860.2325267042627
Galectin 3,Model_WholeBrain,500.0
Galectin 3,Model_WholeBrain,538.5164807134504
Galectin 3,Model_WholeBrain,583.09518948453
Galectin 3,Model_WholeBrain,1166.19037896906
Galectin 3,Model_WholeBrain,670.820393249937
Galectin 3,Model_WholeBrain,632.4555320336759
Galectin 3,Model_WholeBrain,600.0
Galectin 3,Model_WholeBrain,860.2325267042627
Galectin 3,Control_WholeBrain,1341.640786499874
Galectin 3,Control_WholeBrain,1838.4776310850236
Galectin 3,Control_WholeBrain,1746.424919657298
Galectin 3,Control_WholeBrain,1655.294535724685
Galectin 3,Control_WholeBrain,1104.536101718726
Galectin 3,Control_WholeBrain,1581.1388300841897
Galectin 3,Control_WholeBrain,1640.1219466856726
Galectin 3,Control_WholeBrain,1702.93863659264
Galectin 3,Control_WholeBrain,984.8857801796105
Galectin 3,Control_WholeBrain,1200.0
Galectin 3,Control_WholeBrain,1300.0
Galectin 3,Control_WholeBrain,1389.2443989449805
Galectin 3,Control_WholeBrain,1204.1594578792296
Galectin 3,Control_WholeBrain,1140.175425099138
Galectin 3,Control_WholeBrain,1208.3045973594571
Galectin 3,Control_WholeBrain,1100.0
Galectin 3,Control_WholeBrain,1019.803902718557
Galectin 3,Control_WholeBrain,1004.987562112089
Galectin 3,Control_WholeBrain,1019.803902718557
Galectin 3,Control_WholeBrain,984.8857801796105
Galectin 3,Control_WholeBrain,948.6832980505138
Galectin 3,Control_WholeBrain,984.8857801796105
Galectin 3,Control_WholeBrain,1000.0
Galectin 3,Control_WholeBrain,0.0
Galectin 3,Control_WholeBrain,894.4271909999159
Galectin 3,Control_WholeBrain,905.5385138137417
Galectin 3,Control_WholeBrain,900.0
Galectin 3,Control_WholeBrain,0.0
Galectin 3,Control_WholeBrain,806.2257748298549
Galectin 3,Control_WholeBrain,800.0
Galectin 3,Control_WholeBrain,1341.640786499874
Galectin 3,Control_WholeBrain,1252.9964086141667
Galectin 3,Control_WholeBrain,707.1067811865476
Galectin 3,Control_WholeBrain,700.0
Galectin 3,Control_WholeBrain,1486.6068747318504
Galectin 3,Control_WholeBrain,600.0
Galectin 3,Control_WholeBrain,509.9019513592785
Galectin 3,Control_WholeBrain,670.820393249937
Galectin 3,Control_WholeBrain,412.31056256176606
Galectin 3,Control_WholeBrain,400.0
Galectin 3,Control_WholeBrain,316.22776601683796
Galectin 3,Control_WholeBrain,223.60679774997897
Galectin 3,Control_WholeBrain,200.0
Galectin 3,Control_WholeBrain,300.0
Galectin 3,Control_WholeBrain,141.4213562373095
Galectin 3,Control_WholeBrain,100.0
Galectin 3,Control_WholeBrain,200.0
Galectin 3,Control_WholeBrain,100.0
Galectin 3,Control_WholeBrain,0.0
Galectin 3,Control_WholeBrain,200.0
Galectin 3,Control_WholeBrain,200.0
Galectin 3,Control_WholeBrain,100.0
Galectin 3,Control_WholeBrain,0.0
Galectin 3,Control_WholeBrain,1220.6555615733703
Galectin 3,Control_WholeBrain,100.0
Galectin 3,Control_WholeBrain,223.60679774997897
Galectin 3,Control_WholeBrain,100.0
Galectin 3,Control_WholeBrain,447.21359549995793
Galectin 3,Control_WholeBrain,223.60679774997897
Galectin 3,Control_WholeBrain,200.0
Galectin 3,Control_WholeBrain,360.5551275463989
Galectin 3,Control_WholeBrain,948.6832980505138
Galectin 3,Control_WholeBrain,424.26406871192853
Galectin 3,Control_WholeBrain,761.5773105863908
Galectin 3,Control_WholeBrain,905.5385138137417
Galectin 3,Control_WholeBrain,100.0
Galectin 3,Control_WholeBrain,360.5551275463989
Galectin 3,Control_WholeBrain,670.820393249937
Galectin 3,Control_WholeBrain,707.1067811865476
Galectin 3,Control_WholeBrain,1200.0
Galectin 3,Control_WholeBrain,300.0
Galectin 3,Control_WholeBrain,200.0
Galectin 3,Control_WholeBrain,100.0
Galectin 3,Control_WholeBrain,0.0
Galectin 3,Control_WholeBrain,100.0
Galectin 3,Control_WholeBrain,282.842712474619
Galectin 3,Control_WholeBrain,509.9019513592785
Galectin 3,Control_WholeBrain,141.4213562373095
Galectin 3,Control_WholeBrain,412.31056256176606
Galectin 3,Control_WholeBrain,806.2257748298549
Galectin 3,Control_WholeBrain,905.5385138137417
Galectin 3,Control_WholeBrain,141.4213562373095
Galectin 3,Control_WholeBrain,223.60679774997897
Galectin 3,Control_WholeBrain,400.0
Galectin 3,Control_WholeBrain,316.22776601683796
Galectin 3,Control_WholeBrain,282.842712474619
Galectin 3,Control_WholeBrain,100.0
Galectin 3,Control_WholeBrain,200.0
Galectin 3,Control_WholeBrain,316.22776601683796
Galectin 3,Control_WholeBrain,583.09518948453
Galectin 3,Control_WholeBrain,300.0
Galectin 3,Control_WholeBrain,100.0
Galectin 3,Control_WholeBrain,282.842712474619
Galectin 3,Control_WholeBrain,316.22776601683796
Galectin 3,Control_WholeBrain,500.0
Galectin 3,Control_WholeBrain,223.60679774997897
Galectin 3,Control_WholeBrain,200.0
Galectin 3,Control_WholeBrain,500.0
Galectin 3,Control_WholeBrain,608.276253029822
Galectin 3,Control_WholeBrain,781.0249675906655
Galectin 3,Control_WholeBrain,608.276253029822
Galectin 3,Control_WholeBrain,761.5773105863908
Galectin 3,Control_WholeBrain,200.0
Galectin 3,Control_WholeBrain,412.31056256176606
Galectin 3,Control_WholeBrain,400.0
Galectin 3,Control_WholeBrain,860.2325267042627
Galectin 3,Control_WholeBrain,509.9019513592785
Galectin 3,Control_WholeBrain,500.0
Galectin 3,Control_WholeBrain,721.1102550927978
Galectin 3,Control_WholeBrain,806.2257748298549
Galectin 3,Control_WholeBrain,500.0
Galectin 3,Control_WholeBrain,447.21359549995793
Galectin 3,Control_WholeBrain,670.820393249937
Galectin 3,Control_WholeBrain,1118.033988749895
Galectin 3,Control_WholeBrain,282.842712474619
Galectin 3,Control_WholeBrain,223.60679774997897
Galectin 3,Control_WholeBrain,282.842712474619
Galectin 3,Control_WholeBrain,360.5551275463989
Galectin 3,Control_WholeBrain,424.26406871192853
Galectin 3,Control_WholeBrain,282.842712474619
Galectin 3,Control_WholeBrain,632.4555320336759
Galectin 3,Control_WholeBrain,100.0
Galectin 3,Control_WholeBrain,141.4213562373095
Galectin 3,Control_WholeBrain,223.60679774997897
Galectin 3,Control_WholeBrain,316.22776601683796
Galectin 3,Control_WholeBrain,509.9019513592785
Galectin 3,Control_WholeBrain,948.6832980505138
Galectin 3,Control_WholeBrain,100.0
Galectin 3,Control_WholeBrain,200.0
Galectin 3,Control_WholeBrain,600.0
Galectin 3,Control_WholeBrain,282.842712474619
Galectin 3,Control_WholeBrain,223.60679774997897
Galectin 3,Control_WholeBrain,100.0
Galectin 3,Control_WholeBrain,141.4213562373095
Galectin 3,Control_WholeBrain,223.60679774997897
Galectin 3,Control_WholeBrain,200.0
Galectin 3,Control_WholeBrain,424.26406871192853
Galectin 3,Control_WholeBrain,412.31056256176606
Galectin 3,Control_WholeBrain,500.0
Galectin 3,Control_WholeBrain,300.0
Galectin 3,Control_WholeBrain,200.0
Galectin 3,Control_WholeBrain,316.22776601683796
Galectin 3,Control_WholeBrain,500.0
Galectin 3,Control_WholeBrain,316.22776601683796
Galectin 3,Control_WholeBrain,360.5551275463989
Galectin 3,Control_WholeBrain,282.842712474619
Galectin 3,Control_WholeBrain,200.0
Galectin 3,Control_WholeBrain,223.60679774997897
Galectin 3,Control_WholeBrain,282.842712474619
Galectin 3,Control_WholeBrain,141.4213562373095
Galectin 3,Control_WholeBrain,100.0
Galectin 3,Control_WholeBrain,300.0
Galectin 3,Control_WholeBrain,200.0
Galectin 3,Control_WholeBrain,600.0
Galectin 3,Control_WholeBrain,282.842712474619
Galectin 3,Control_WholeBrain,223.60679774997897
Galectin 3,Control_WholeBrain,141.4213562373095
Galectin 3,Control_WholeBrain,412.31056256176606
Galectin 3,Control_WholeBrain,500.0
Galectin 3,Control_WholeBrain,509.9019513592785
Galectin 3,Control_WholeBrain,360.5551275463989
Galectin 3,Control_WholeBrain,632.4555320336759
Galectin 3,Control_WholeBrain,424.26406871192853
Galectin 3,Control_WholeBrain,509.9019513592785
Galectin 3,Control_WholeBrain,761.5773105863908
Galectin 3,Control_WholeBrain,854.4003745317531
Galectin 3,Control_WholeBrain,583.09518948453
Galectin 3,Control_WholeBrain,894.4271909999159
Galectin 3,Control_WholeBrain,943.3981132056604
Galectin 3,Control_WholeBrain,1000.0
Galectin 3,Control_WholeBrain,984.8857801796105
Galectin 3,Control_WholeBrain,781.0249675906655
Galectin 3,Control_WholeBrain,200.0
Galectin 3,Control_WholeBrain,806.2257748298549
Galectin 3,Control_WholeBrain,608.276253029822
Galectin 3,Control_WholeBrain,670.820393249937
Galectin 3,Control_WholeBrain,948.6832980505138
Galectin 3,Control_WholeBrain,412.31056256176606
Galectin 3,Control_WholeBrain,538.5164807134504
Galectin 3,Control_WholeBrain,943.3981132056604
Galectin 3,Control_WholeBrain,632.4555320336759
Galectin 3,Control_WholeBrain,412.31056256176606
Galectin 3,Control_WholeBrain,894.4271909999159
Galectin 3,Control_WholeBrain,316.22776601683796
Galectin 3,Control_WholeBrain,360.5551275463989
Galectin 3,Control_WholeBrain,200.0
Galectin 3,Control_WholeBrain,400.0
Galectin 3,Control_WholeBrain,583.09518948453
Galectin 3,Control_WholeBrain,223.60679774997897
Galectin 3,Control_WholeBrain,282.842712474619
Galectin 3,Control_WholeBrain,360.5551275463989
Galectin 3,Control_WholeBrain,100.0
Galectin 3,Control_WholeBrain,100.0
Galectin 3,Control_WholeBrain,707.1067811865476
Galectin 3,Control_WholeBrain,223.60679774997897
Galectin 3,Control_WholeBrain,921.9544457292888
Galectin 3,Control_WholeBrain,0.0
Galectin 3,Control_WholeBrain,300.0
Galectin 3,Control_WholeBrain,707.1067811865476
Galectin 3,Control_WholeBrain,223.60679774997897
Galectin 3,Control_WholeBrain,640.3124237432849
Galectin 3,Control_WholeBrain,854.4003745317531
Galectin 3,Control_WholeBrain,300.0
Galectin 3,Control_WholeBrain,1118.033988749895
Galectin 3,Control_WholeBrain,1044.030650891055
Galectin 3,Control_WholeBrain,761.5773105863908
Galectin 3,Control_WholeBrain,509.9019513592785
Galectin 3,Control_WholeBrain,538.5164807134504
Galectin 3,Control_WholeBrain,894.4271909999159
Galectin 3,Control_WholeBrain,200.0
Galectin 3,Control_WholeBrain,728.0109889280518
Galectin 3,Control_WholeBrain,806.2257748298549
Galectin 3,Control_WholeBrain,608.276253029822
Galectin 3,Control_WholeBrain,721.1102550927978
Galectin 3,Control_WholeBrain,200.0
Galectin 3,Control_WholeBrain,565.685424949238
Galectin 3,Control_WholeBrain,640.3124237432849
Galectin 3,Control_WholeBrain,424.26406871192853
Galectin 3,Control_WholeBrain,600.0
Galectin 3,Control_WholeBrain,509.9019513592785
Galectin 3,Control_WholeBrain,509.9019513592785
Galectin 3,Control_WholeBrain,509.9019513592785
Galectin 3,Control_WholeBrain,1081.6653826391969
Galectin 3,Control_WholeBrain,412.31056256176606
Galectin 3,Control_WholeBrain,412.31056256176606
Galectin 3,Control_WholeBrain,860.2325267042627
Galectin 3,Control_WholeBrain,360.5551275463989
Galectin 3,Control_WholeBrain,316.22776601683796
Galectin 3,Control_WholeBrain,905.5385138137417
Galectin 3,Control_WholeBrain,282.842712474619
Galectin 3,Control_WholeBrain,500.0
Galectin 3,Control_WholeBrain,670.820393249937
Galectin 3,Control_WholeBrain,141.4213562373095
Galectin 3,Control_WholeBrain,141.4213562373095
Galectin 3,Control_WholeBrain,316.22776601683796
Galectin 3,Control_WholeBrain,565.685424949238
Galectin 3,Control_WholeBrain,412.31056256176606
Galectin 3,Control_WholeBrain,141.4213562373095
Galectin 3,Control_WholeBrain,316.22776601683796
Galectin 3,Control_WholeBrain,223.60679774997897
Galectin 3,Control_WholeBrain,316.22776601683796
Galectin 3,Control_WholeBrain,412.31056256176606
Galectin 3,Control_WholeBrain,670.820393249937
Galectin 3,Control_WholeBrain,282.842712474619
Galectin 3,Control_WholeBrain,223.60679774997897
Galectin 3,Control_WholeBrain,223.60679774997897
Galectin 3,Control_WholeBrain,282.842712474619
Galectin 3,Control_WholeBrain,848.5281374238571
Galectin 3,Control_WholeBrain,360.5551275463989
Galectin 3,Control_WholeBrain,316.22776601683796
Galectin 3,Control_WholeBrain,360.5551275463989
Galectin 3,Control_WholeBrain,223.60679774997897
Galectin 3,Control_WholeBrain,509.9019513592785
Galectin 3,Control_WholeBrain,141.4213562373095
Galectin 3,Control_WholeBrain,360.5551275463989
Galectin 3,Control_WholeBrain,223.60679774997897
Galectin 3,Control_WholeBrain,223.60679774997897
Galectin 3,Control_WholeBrain,223.60679774997897
Galectin 3,Control_WholeBrain,141.4213562373095
Galectin 3,Control_WholeBrain,141.4213562373095
Galectin 3,Control_WholeBrain,223.60679774997897
Galectin 3,Control_WholeBrain,538.5164807134504
Galectin 3,Control_WholeBrain,100.0
Galectin 3,Control_WholeBrain,0.0
Galectin 3,Control_WholeBrain,100.0
Galectin 3,Control_WholeBrain,200.0
Galectin 3,Control_WholeBrain,848.5281374238571
Galectin 3,Control_WholeBrain,447.21359549995793
Galectin 3,Control_WholeBrain,500.0
Galectin 3,Control_WholeBrain,0.0
Galectin 3,Control_WholeBrain,141.4213562373095
Galectin 3,Control_WholeBrain,316.22776601683796
Galectin 3,Control_WholeBrain,509.9019513592785
Galectin 3,Control_WholeBrain,141.4213562373095
Galectin 3,Control_WholeBrain,100.0
Galectin 3,Control_WholeBrain,400.0
Galectin 3,Control_WholeBrain,424.26406871192853
Galectin 3,Control_WholeBrain,100.0
Galectin 3,Control_WholeBrain,223.60679774997897
Galectin 3,Control_WholeBrain,316.22776601683796
Galectin 3,Control_WholeBrain,223.60679774997897
Galectin 3,Control_WholeBrain,100.0
Galectin 3,Control_WholeBrain,0.0
Galectin 3,Control_WholeBrain,100.0
Galectin 3,Control_WholeBrain,223.60679774997897
Galectin 3,Control_WholeBrain,316.22776601683796
Galectin 3,Control_WholeBrain,854.4003745317531
Galectin 3,Control_WholeBrain,223.60679774997897
Galectin 3,Control_WholeBrain,824.6211251235321
Galectin 3,Control_WholeBrain,632.4555320336759
Galectin 3,Control_WholeBrain,412.31056256176606
Galectin 3,Control_WholeBrain,412.31056256176606
Galectin 3,Control_WholeBrain,565.685424949238
Galectin 3,Control_WholeBrain,583.09518948453
Galectin 3,Control_WholeBrain,500.0
Galectin 3,Control_WholeBrain,360.5551275463989
Galectin 3,Control_WholeBrain,640.3124237432849
Galectin 3,Control_WholeBrain,400.0
Galectin 3,Control_WholeBrain,316.22776601683796
Galectin 3,Control_WholeBrain,670.820393249937
Galectin 3,Control_WholeBrain,424.26406871192853
Galectin 3,Control_WholeBrain,360.5551275463989
Galectin 3,Control_WholeBrain,316.22776601683796
Galectin 3,Control_WholeBrain,223.60679774997897
Galectin 3,Control_WholeBrain,360.5551275463989
Galectin 3,Control_WholeBrain,632.4555320336759
Galectin 3,Control_WholeBrain,538.5164807134504
Galectin 3,Control_WholeBrain,447.21359549995793
Galectin 3,Control_WholeBrain,360.5551275463989
Galectin 3,Control_WholeBrain,223.60679774997897
Galectin 3,Control_WholeBrain,100.0
Galectin 3,Control_WholeBrain,608.276253029822
Galectin 3,Control_WholeBrain,509.9019513592785
Galectin 3,Control_WholeBrain,412.31056256176606
Galectin 3,Control_WholeBrain,316.22776601683796
Galectin 3,Control_WholeBrain,100.0
Galectin 3,Control_WholeBrain,100.0
Galectin 3,Control_WholeBrain,600.0
Galectin 3,Control_WholeBrain,500.0
Galectin 3,Control_WholeBrain,400.0
Galectin 3,Control_WholeBrain,200.0
Galectin 3,Control_WholeBrain,538.5164807134504
Galectin 3,Control_WholeBrain,707.1067811865476
Galectin 3,Control_WholeBrain,707.1067811865476
Galectin 3,Control_WholeBrain,608.276253029822
Galectin 3,Control_WholeBrain,509.9019513592785
Galectin 3,Control_WholeBrain,412.31056256176606
Galectin 3,Control_WholeBrain,316.22776601683796
Galectin 3,Control_WholeBrain,141.4213562373095
Galectin 3,Control_WholeBrain,141.4213562373095
Galectin 3,Control_WholeBrain,538.5164807134504
Galectin 3,Control_WholeBrain,412.31056256176606
Galectin 3,Control_WholeBrain,728.0109889280518
Galectin 3,Control_WholeBrain,538.5164807134504
Galectin 3,Control_WholeBrain,500.0
Galectin 3,Control_WholeBrain,583.09518948453
Galectin 3,Control_WholeBrain,282.842712474619
Galectin 3,Control_WholeBrain,509.9019513592785
Galectin 3,Control_WholeBrain,223.60679774997897
Galectin 3,Control_WholeBrain,400.0
Galectin 3,Control_WholeBrain,500.0
Galectin 3,Control_WholeBrain,316.22776601683796
Galectin 3,Control_WholeBrain,608.276253029822
Galectin 3,Control_WholeBrain,707.1067811865476
Galectin 3,Control_WholeBrain,223.60679774997897
Galectin 3,Control_WholeBrain,223.60679774997897
Galectin 3,Control_WholeBrain,316.22776601683796
Galectin 3,Control_WholeBrain,0.0
Galectin 3,Control_WholeBrain,100.0
Galectin 3,Control_WholeBrain,424.26406871192853
Galectin 3,Control_WholeBrain,632.4555320336759
Galectin 3,Control_WholeBrain,860.2325267042627
Galectin 3,Control_WholeBrain,921.9544457292888
Galectin 3,Control_WholeBrain,989.9494936611666
Galectin 3,Control_WholeBrain,1063.014581273465
Itgax,Model_WholeBrain,1303.8404810405298
Itgax,Model_WholeBrain,1345.362404707371
Itgax,Model_WholeBrain,1552.4174696260025
Itgax,Model_WholeBrain,1236.9316876852981
Itgax,Model_WholeBrain,1264.9110640673518
Itgax,Model_WholeBrain,1664.3316977093239
Itgax,Model_WholeBrain,1612.4515496597098
Itgax,Model_WholeBrain,1565.2475842498527
Itgax,Model_WholeBrain,1104.536101718726
Itgax,Model_WholeBrain,1118.033988749895
Itgax,Model_WholeBrain,1431.7821063276353
Itgax,Model_WholeBrain,1392.838827718412
Itgax,Model_WholeBrain,1000.0
Itgax,Model_WholeBrain,1216.552506059644
Itgax,Model_WholeBrain,1204.1594578792296
Itgax,Model_WholeBrain,1204.1594578792296
Itgax,Model_WholeBrain,1118.033988749895
Itgax,Model_WholeBrain,1140.175425099138
Itgax,Model_WholeBrain,316.22776601683796
Itgax,Model_WholeBrain,200.0
Itgax,Model_WholeBrain,921.9544457292888
Itgax,Model_WholeBrain,400.0
Itgax,Model_WholeBrain,0.0
Itgax,Model_WholeBrain,100.0
Itgax,Model_WholeBrain,223.60679774997897
Itgax,Model_WholeBrain,400.0
Itgax,Model_WholeBrain,300.0
Itgax,Model_WholeBrain,316.22776601683796
Itgax,Model_WholeBrain,538.5164807134504
Itgax,Model_WholeBrain,412.31056256176606
Itgax,Model_WholeBrain,316.22776601683796
Itgax,Model_WholeBrain,412.31056256176606
Itgax,Model_WholeBrain,538.5164807134504
Itgax,Model_WholeBrain,447.21359549995793
Itgax,Model_WholeBrain,509.9019513592785
Itgax,Model_WholeBrain,538.5164807134504
Itgax,Model_WholeBrain,360.5551275463989
Itgax,Model_WholeBrain,300.0
Itgax,Model_WholeBrain,632.4555320336759
Itgax,Model_WholeBrain,707.1067811865476
Itgax,Model_WholeBrain,500.0
Itgax,Model_WholeBrain,412.31056256176606
Itgax,Model_WholeBrain,800.0
Itgax,Model_WholeBrain,700.0
Itgax,Model_WholeBrain,707.1067811865476
Itgax,Model_WholeBrain,700.0
Itgax,Model_WholeBrain,707.1067811865476
Itgax,Model_WholeBrain,707.1067811865476
Itgax,Model_WholeBrain,583.09518948453
Itgax,Model_WholeBrain,806.2257748298549
Itgax,Model_WholeBrain,412.31056256176606
Itgax,Model_WholeBrain,223.60679774997897
Itgax,Model_WholeBrain,100.0
Itgax,Model_WholeBrain,141.4213562373095
Itgax,Model_WholeBrain,1700.0
Itgax,Model_WholeBrain,608.276253029822
Itgax,Model_WholeBrain,670.820393249937
Itgax,Model_WholeBrain,921.9544457292888
Itgax,Model_WholeBrain,447.21359549995793
Itgax,Model_WholeBrain,500.0
Itgax,Model_WholeBrain,447.21359549995793
Itgax,Model_WholeBrain,500.0
Itgax,Model_WholeBrain,640.3124237432849
Itgax,Model_WholeBrain,707.1067811865476
Itgax,Model_WholeBrain,583.09518948453
Itgax,Model_WholeBrain,500.0
Itgax,Model_WholeBrain,424.26406871192853
Itgax,Model_WholeBrain,583.09518948453
Itgax,Model_WholeBrain,509.9019513592785
Itgax,Model_WholeBrain,1838.4776310850236
Itgax,Model_WholeBrain,632.4555320336759
Itgax,Model_WholeBrain,538.5164807134504
Itgax,Model_WholeBrain,860.2325267042627
Itgax,Model_WholeBrain,781.0249675906655
Itgax,Model_WholeBrain,640.3124237432849
Itgax,Model_WholeBrain,1334.1664064126335
Itgax,Model_WholeBrain,500.0
Itgax,Model_WholeBrain,600.0
Itgax,Model_WholeBrain,424.26406871192853
Itgax,Model_WholeBrain,200.0
Itgax,Model_WholeBrain,141.4213562373095
Itgax,Model_WholeBrain,316.22776601683796
Itgax,Model_WholeBrain,600.0
Itgax,Model_WholeBrain,583.09518948453
Itgax,Model_WholeBrain,707.1067811865476
Itgax,Model_WholeBrain,670.820393249937
Itgax,Model_WholeBrain,632.4555320336759
Itgax,Model_WholeBrain,608.276253029822
Itgax,Model_WholeBrain,600.0
Itgax,Model_WholeBrain,608.276253029822
Itgax,Model_WholeBrain,316.22776601683796
Itgax,Model_WholeBrain,412.31056256176606
Itgax,Model_WholeBrain,608.276253029822
Itgax,Model_WholeBrain,632.4555320336759
Itgax,Model_WholeBrain,640.3124237432849
Itgax,Model_WholeBrain,538.5164807134504
Itgax,Model_WholeBrain,500.0
Itgax,Model_WholeBrain,806.2257748298549
Itgax,Model_WholeBrain,447.21359549995793
Itgax,Model_WholeBrain,538.5164807134504
Itgax,Model_WholeBrain,632.4555320336759
Itgax,Model_WholeBrain,565.685424949238
Itgax,Model_WholeBrain,447.21359549995793
Itgax,Model_WholeBrain,632.4555320336759
Itgax,Model_WholeBrain,500.0
Itgax,Model_WholeBrain,360.5551275463989
Itgax,Model_WholeBrain,670.820393249937
Itgax,Model_WholeBrain,761.5773105863908
Itgax,Model_WholeBrain,670.820393249937
Itgax,Model_WholeBrain,632.4555320336759
Itgax,Model_WholeBrain,860.2325267042627
Itgax,Model_WholeBrain,632.4555320336759
Itgax,Model_WholeBrain,721.1102550927978
Itgax,Model_WholeBrain,1216.552506059644
Itgax,Model_WholeBrain,509.9019513592785
Itgax,Model_WholeBrain,640.3124237432849
Itgax,Model_WholeBrain,707.1067811865476
Itgax,Model_WholeBrain,412.31056256176606
Itgax,Model_WholeBrain,640.3124237432849
Itgax,Model_WholeBrain,1081.6653826391969
Itgax,Model_WholeBrain,583.09518948453
Itgax,Model_WholeBrain,538.5164807134504
Itgax,Model_WholeBrain,632.4555320336759
Itgax,Model_WholeBrain,1360.1470508735442
Itgax,Model_WholeBrain,1220.6555615733703
Itgax,Model_WholeBrain,509.9019513592785
Itgax,Model_WholeBrain,608.276253029822
Itgax,Model_WholeBrain,670.820393249937
Itgax,Model_WholeBrain,500.0
Itgax,Model_WholeBrain,1081.6653826391969
Itgax,Model_WholeBrain,500.0
Itgax,Model_WholeBrain,700.0
Itgax,Model_WholeBrain,640.3124237432849
Itgax,Model_WholeBrain,1029.5630140987
Itgax,Model_WholeBrain,848.5281374238571
Itgax,Model_WholeBrain,707.1067811865476
Itgax,Model_WholeBrain,640.3124237432849
Itgax,Model_WholeBrain,583.09518948453
Itgax,Model_WholeBrain,360.5551275463989
Itgax,Model_WholeBrain,728.0109889280518
Itgax,Model_WholeBrain,781.0249675906655
Itgax,Model_WholeBrain,721.1102550927978
Itgax,Model_WholeBrain,670.820393249937
Itgax,Model_WholeBrain,806.2257748298549
Itgax,Model_WholeBrain,761.5773105863908
Itgax,Model_WholeBrain,728.0109889280518
Itgax,Model_WholeBrain,707.1067811865476
Itgax,Model_WholeBrain,500.0
Itgax,Model_WholeBrain,806.2257748298549
Itgax,Model_WholeBrain,800.0
Itgax,Model_WholeBrain,707.1067811865476
Itgax,Model_WholeBrain,943.3981132056604
Itgax,Model_WholeBrain,921.9544457292888
Itgax,Model_WholeBrain,900.0
Itgax,Model_WholeBrain,905.5385138137417
Itgax,Model_WholeBrain,921.9544457292888
Itgax,Model_WholeBrain,900.0
Itgax,Model_WholeBrain,700.0
Itgax,Model_WholeBrain,0.0
Itgax,Model_WholeBrain,921.9544457292888
Itgax,Model_WholeBrain,100.0
Itgax,Model_WholeBrain,921.9544457292888
Itgax,Model_WholeBrain,1044.030650891055
Itgax,Model_WholeBrain,509.9019513592785
Itgax,Model_WholeBrain,781.0249675906655
Itgax,Model_WholeBrain,400.0
Itgax,Model_WholeBrain,1063.014581273465
Itgax,Model_WholeBrain,1140.175425099138
Itgax,Model_WholeBrain,1170.4699910719626
Itgax,Model_WholeBrain,1204.1594578792296
Itgax,Model_WholeBrain,1004.987562112089
Itgax,Model_WholeBrain,447.21359549995793
Itgax,Model_WholeBrain,1216.552506059644
Itgax,Model_WholeBrain,1118.033988749895
Itgax,Model_WholeBrain,1300.0
Itgax,Model_WholeBrain,1236.9316876852981
Itgax,Model_WholeBrain,1140.175425099138
Itgax,Model_WholeBrain,565.685424949238
Itgax,Model_WholeBrain,1077.0329614269008
Itgax,Model_WholeBrain,984.8857801796105
Itgax,Model_WholeBrain,1208.3045973594571
Itgax,Model_WholeBrain,1118.033988749895
Itgax,Model_WholeBrain,1389.2443989449805
Itgax,Model_WholeBrain,1000.0
Itgax,Model_WholeBrain,921.9544457292888
Itgax,Model_WholeBrain,721.1102550927978
Itgax,Model_WholeBrain,400.0
Itgax,Model_WholeBrain,1303.8404810405298
Itgax,Model_WholeBrain,1140.175425099138
Itgax,Model_WholeBrain,1063.014581273465
Itgax,Model_WholeBrain,989.9494936611666
Itgax,Model_WholeBrain,1131.370849898476
Itgax,Model_WholeBrain,1000.0
Itgax,Model_WholeBrain,921.9544457292888
Itgax,Model_WholeBrain,1220.6555615733703
Itgax,Model_WholeBrain,1118.033988749895
Itgax,Model_WholeBrain,943.3981132056604
Itgax,Model_WholeBrain,860.2325267042627
Itgax,Model_WholeBrain,721.1102550927978
Itgax,Model_WholeBrain,984.8857801796105
Itgax,Model_WholeBrain,894.4271909999159
Itgax,Model_WholeBrain,806.2257748298549
Itgax,Model_WholeBrain,721.1102550927978
Itgax,Model_WholeBrain,1029.5630140987
Itgax,Model_WholeBrain,1029.5630140987
Itgax,Model_WholeBrain,1000.0
Itgax,Model_WholeBrain,943.3981132056604
Itgax,Model_WholeBrain,1063.014581273465
Itgax,Model_WholeBrain,761.5773105863908
Itgax,Model_WholeBrain,670.820393249937
Itgax,Model_WholeBrain,860.2325267042627
Itgax,Model_WholeBrain,781.0249675906655
Itgax,Model_WholeBrain,721.1102550927978
Itgax,Model_WholeBrain,632.4555320336759
Itgax,Model_WholeBrain,583.09518948453
Itgax,Model_WholeBrain,921.9544457292888
Itgax,Model_WholeBrain,848.5281374238571
Itgax,Model_WholeBrain,583.09518948453
Itgax,Model_WholeBrain,447.21359549995793
Itgax,Model_WholeBrain,781.0249675906655
Itgax,Model_WholeBrain,640.3124237432849
Itgax,Model_WholeBrain,500.0
Itgax,Model_WholeBrain,721.1102550927978
Itgax,Model_WholeBrain,500.0
Itgax,Model_WholeBrain,424.26406871192853
Itgax,Model_WholeBrain,670.820393249937
Itgax,Model_WholeBrain,400.0
Itgax,Model_WholeBrain,360.5551275463989
Itgax,Model_WholeBrain,360.5551275463989
Itgax,Model_WholeBrain,721.1102550927978
Itgax,Model_WholeBrain,670.820393249937
Itgax,Model_WholeBrain,282.842712474619
Itgax,Model_WholeBrain,282.842712474619
Itgax,Model_WholeBrain,806.2257748298549
Itgax,Model_WholeBrain,728.0109889280518
Itgax,Model_WholeBrain,500.0
Itgax,Model_WholeBrain,141.4213562373095
Itgax,Model_WholeBrain,223.60679774997897
Itgax,Model_WholeBrain,400.0
Itgax,Model_WholeBrain,412.31056256176606
Itgax,Model_WholeBrain,300.0
Itgax,Model_WholeBrain,100.0
Itgax,Model_WholeBrain,670.820393249937
Itgax,Model_WholeBrain,412.31056256176606
Itgax,Model_WholeBrain,316.22776601683796
Itgax,Model_WholeBrain,316.22776601683796
Itgax,Model_WholeBrain,500.0
Itgax,Model_WholeBrain,640.3124237432849
Itgax,Model_WholeBrain,707.1067811865476
Itgax,Model_WholeBrain,538.5164807134504
Itgax,Model_WholeBrain,447.21359549995793
Itgax,Model_WholeBrain,721.1102550927978
Itgax,Model_WholeBrain,100.0
Itgax,Model_WholeBrain,565.685424949238
Itgax,Model_WholeBrain,316.22776601683796
Itgax,Model_WholeBrain,538.5164807134504
Itgax,Model_WholeBrain,632.4555320336759
Itgax,Model_WholeBrain,1216.552506059644
Itgax,Model_WholeBrain,223.60679774997897
Itgax,Model_WholeBrain,141.4213562373095
Itgax,Model_WholeBrain,500.0
Itgax,Model_WholeBrain,761.5773105863908
Itgax,Model_WholeBrain,806.2257748298549
Itgax,Model_WholeBrain,1236.9316876852981
Itgax,Model_WholeBrain,583.09518948453
Itgax,Model_WholeBrain,500.0
Itgax,Model_WholeBrain,223.60679774997897
Itgax,Model_WholeBrain,632.4555320336759
Itgax,Model_WholeBrain,500.0
Itgax,Model_WholeBrain,670.820393249937
Itgax,Model_WholeBrain,1216.552506059644
Itgax,Model_WholeBrain,1315.2946437965904
Itgax,Model_WholeBrain,608.276253029822
Itgax,Model_WholeBrain,632.4555320336759
Itgax,Model_WholeBrain,447.21359549995793
Itgax,Model_WholeBrain,360.5551275463989
Itgax,Model_WholeBrain,360.5551275463989
Itgax,Model_WholeBrain,583.09518948453
Itgax,Model_WholeBrain,1204.1594578792296
Itgax,Model_WholeBrain,500.0
Itgax,Model_WholeBrain,509.9019513592785
Itgax,Model_WholeBrain,500.0
Itgax,Model_WholeBrain,447.21359549995793
Itgax,Model_WholeBrain,632.4555320336759
Itgax,Model_WholeBrain,412.31056256176606
Itgax,Model_WholeBrain,412.31056256176606
Itgax,Model_WholeBrain,500.0
Itgax,Model_WholeBrain,447.21359549995793
Itgax,Model_WholeBrain,583.09518948453
Itgax,Model_WholeBrain,316.22776601683796
Itgax,Model_WholeBrain,316.22776601683796
Itgax,Model_WholeBrain,360.5551275463989
Itgax,Model_WholeBrain,424.26406871192853
Itgax,Model_WholeBrain,360.5551275463989
Itgax,Model_WholeBrain,360.5551275463989
Itgax,Model_WholeBrain,282.842712474619
Itgax,Model_WholeBrain,223.60679774997897
Itgax,Model_WholeBrain,806.2257748298549
Itgax,Model_WholeBrain,400.0
Itgax,Model_WholeBrain,412.31056256176606
Itgax,Model_WholeBrain,141.4213562373095
Itgax,Model_WholeBrain,141.4213562373095
Itgax,Model_WholeBrain,538.5164807134504
Itgax,Model_WholeBrain,223.60679774997897
Itgax,Model_WholeBrain,509.9019513592785
Itgax,Model_WholeBrain,141.4213562373095
Itgax,Model_WholeBrain,300.0
Itgax,Model_WholeBrain,300.0
Itgax,Model_WholeBrain,0.0
Itgax,Model_WholeBrain,100.0
Itgax,Model_WholeBrain,316.22776601683796
Itgax,Model_WholeBrain,200.0
Itgax,Model_WholeBrain,316.22776601683796
Itgax,Model_WholeBrain,223.60679774997897
Itgax,Model_WholeBrain,608.276253029822
Itgax,Model_WholeBrain,632.4555320336759
Itgax,Model_WholeBrain,538.5164807134504
Itgax,Model_WholeBrain,282.842712474619
Itgax,Model_WholeBrain,538.5164807134504
Itgax,Model_WholeBrain,400.0
Itgax,Model_WholeBrain,583.09518948453
Itgax,Model_WholeBrain,360.5551275463989
Itgax,Model_WholeBrain,632.4555320336759
Itgax,Model_WholeBrain,412.31056256176606
Itgax,Model_WholeBrain,721.1102550927978
Itgax,Model_WholeBrain,500.0
Itgax,Model_WholeBrain,824.6211251235321
Itgax,Model_WholeBrain,707.1067811865476
Itgax,Model_WholeBrain,424.26406871192853
Itgax,Model_WholeBrain,761.5773105863908
Itgax,Model_WholeBrain,921.9544457292888
Itgax,Model_WholeBrain,721.1102550927978
Itgax,Model_WholeBrain,1204.1594578792296
Itgax,Model_WholeBrain,1063.014581273465
Itgax,Model_WholeBrain,1063.014581273465
Itgax,Model_WholeBrain,509.9019513592785
Itgax,Model_WholeBrain,781.0249675906655
Itgax,Model_WholeBrain,943.3981132056604
Itgax,Model_WholeBrain,943.3981132056604
Itgax,Model_WholeBrain,989.9494936611666
Itgax,Model_WholeBrain,761.5773105863908
Itgax,Model_WholeBrain,848.5281374238571
Itgax,Model_WholeBrain,1140.175425099138
Itgax,Model_WholeBrain,670.820393249937
Itgax,Model_WholeBrain,670.820393249937
Itgax,Model_WholeBrain,761.5773105863908
Itgax,Model_WholeBrain,921.9544457292888
Itgax,Model_WholeBrain,1063.014581273465
Itgax,Model_WholeBrain,583.09518948453
Itgax,Model_WholeBrain,509.9019513592785
Itgax,Model_WholeBrain,707.1067811865476
Itgax,Model_WholeBrain,1252.9964086141667
Itgax,Model_WholeBrain,400.0
Itgax,Model_WholeBrain,608.276253029822
Itgax,Model_WholeBrain,600.0
Itgax,Model_WholeBrain,608.276253029822
Itgax,Model_WholeBrain,316.22776601683796
Itgax,Model_WholeBrain,860.2325267042627
Itgax,Model_WholeBrain,223.60679774997897
Itgax,Model_WholeBrain,223.60679774997897
Itgax,Model_WholeBrain,282.842712474619
Itgax,Model_WholeBrain,412.31056256176606
Itgax,Model_WholeBrain,400.0
Itgax,Model_WholeBrain,1104.536101718726
Itgax,Model_WholeBrain,223.60679774997897
Itgax,Model_WholeBrain,200.0
Itgax,Model_WholeBrain,100.0
Itgax,Model_WholeBrain,223.60679774997897
Itgax,Model_WholeBrain,509.9019513592785
Itgax,Model_WholeBrain,141.4213562373095
Itgax,Model_WholeBrain,223.60679774997897
Itgax,Model_WholeBrain,223.60679774997897
Itgax,Model_WholeBrain,141.4213562373095
Itgax,Model_WholeBrain,100.0
Itgax,Model_WholeBrain,141.4213562373095
Itgax,Model_WholeBrain,200.0
Itgax,Model_WholeBrain,100.0
Itgax,Model_WholeBrain,0.0
Itgax,Model_WholeBrain,100.0
Itgax,Model_WholeBrain,200.0
Itgax,Model_WholeBrain,300.0
Itgax,Model_WholeBrain,500.0
Itgax,Model_WholeBrain,141.4213562373095
Itgax,Model_WholeBrain,100.0
Itgax,Model_WholeBrain,141.4213562373095
Itgax,Model_WholeBrain,223.60679774997897
Itgax,Model_WholeBrain,316.22776601683796
Itgax,Model_WholeBrain,447.21359549995793
Itgax,Model_WholeBrain,538.5164807134504
Itgax,Model_WholeBrain,670.820393249937
Itgax,Model_WholeBrain,761.5773105863908
Itgax,Model_WholeBrain,1044.030650891055
Itgax,Model_WholeBrain,1170.4699910719626
Itgax,Model_WholeBrain,1264.9110640673518
Itgax,Model_WholeBrain,1140.175425099138
Itgax,Model_WholeBrain,447.21359549995793
Itgax,Model_WholeBrain,223.60679774997897
Itgax,Model_WholeBrain,141.4213562373095
Itgax,Model_WholeBrain,100.0
Itgax,Model_WholeBrain,0.0
Itgax,Model_WholeBrain,100.0
Itgax,Model_WholeBrain,223.60679774997897
Itgax,Model_WholeBrain,316.22776601683796
Itgax,Model_WholeBrain,1603.1219541881396
Itgax,Model_WholeBrain,360.5551275463989
Itgax,Model_WholeBrain,824.6211251235321
Itgax,Model_WholeBrain,1513.2745950421556
Itgax,Model_WholeBrain,1711.724276862369
Itgax,Model_WholeBrain,1811.0770276274834
Itgax,Model_WholeBrain,583.09518948453
Itgax,Model_WholeBrain,1236.9316876852981
Itgax,Model_WholeBrain,1334.1664064126335
Itgax,Model_WholeBrain,1529.7058540778355
Itgax,Model_WholeBrain,1077.0329614269008
Itgax,Control_WholeBrain,806.2257748298549
Itgax,Control_WholeBrain,989.9494936611666
Itgax,Control_WholeBrain,921.9544457292888
Itgax,Control_WholeBrain,860.2325267042627
Itgax,Control_WholeBrain,412.31056256176606
Itgax,Control_WholeBrain,1166.19037896906
Itgax,Control_WholeBrain,1081.6653826391969
Itgax,Control_WholeBrain,1000.0
Itgax,Control_WholeBrain,632.4555320336759
Itgax,Control_WholeBrain,538.5164807134504
Itgax,Control_WholeBrain,632.4555320336759
Itgax,Control_WholeBrain,1300.0
Itgax,Control_WholeBrain,761.5773105863908
Itgax,Control_WholeBrain,1414.213562373095
Itgax,Control_WholeBrain,1456.0219778561036
Itgax,Control_WholeBrain,894.4271909999159
Itgax,Control_WholeBrain,1334.1664064126335
Itgax,Control_WholeBrain,1029.5630140987
Itgax,Control_WholeBrain,1118.033988749895
Itgax,Control_WholeBrain,1300.0
Itgax,Control_WholeBrain,1236.9316876852981
Itgax,Control_WholeBrain,1334.1664064126335
Itgax,Control_WholeBrain,1303.8404810405298
Itgax,Control_WholeBrain,0.0
Itgax,Control_WholeBrain,1315.2946437965904
Itgax,Control_WholeBrain,1414.213562373095
Itgax,Control_WholeBrain,1513.2745950421556
Itgax,Control_WholeBrain,0.0
Itgax,Control_WholeBrain,1403.56688476182
Itgax,Control_WholeBrain,1503.3296378372909
Itgax,Control_WholeBrain,1581.1388300841897
Itgax,Control_WholeBrain,1500.0
Itgax,Control_WholeBrain,1400.0
Itgax,Control_WholeBrain,1500.0
Itgax,Control_WholeBrain,1700.0
Itgax,Control_WholeBrain,1503.3296378372909
Itgax,Control_WholeBrain,1414.213562373095
Itgax,Control_WholeBrain,781.0249675906655
Itgax,Control_WholeBrain,1431.7821063276353
Itgax,Control_WholeBrain,1529.7058540778355
Itgax,Control_WholeBrain,1456.0219778561036
Itgax,Control_WholeBrain,1486.6068747318504
Itgax,Control_WholeBrain,1581.1388300841897
Itgax,Control_WholeBrain,1341.640786499874
Itgax,Control_WholeBrain,1523.1546211727816
Itgax,Control_WholeBrain,1615.5494421403512
Itgax,Control_WholeBrain,565.685424949238
Itgax,Control_WholeBrain,500.0
Itgax,Control_WholeBrain,447.21359549995793
Itgax,Control_WholeBrain,400.0
Itgax,Control_WholeBrain,1476.48230602334
Itgax,Control_WholeBrain,1565.2475842498527
Itgax,Control_WholeBrain,1655.294535724685
Itgax,Control_WholeBrain,2501.999200639361
Itgax,Control_WholeBrain,360.5551275463989
Itgax,Control_WholeBrain,1526.4337522473747
Itgax,Control_WholeBrain,1700.0
Itgax,Control_WholeBrain,632.4555320336759
Itgax,Control_WholeBrain,360.5551275463989
Itgax,Control_WholeBrain,282.842712474619
Itgax,Control_WholeBrain,1500.0
Itgax,Control_WholeBrain,1104.536101718726
Itgax,Control_WholeBrain,1562.049935181331
Itgax,Control_WholeBrain,2906.8883707497266
Itgax,Control_WholeBrain,1216.552506059644
Itgax,Control_WholeBrain,100.0
Itgax,Control_WholeBrain,1555.6349186104046
Itgax,Control_WholeBrain,2915.4759474226503
Itgax,Control_WholeBrain,854.4003745317531
Itgax,Control_WholeBrain,1334.1664064126335
Itgax,Control_WholeBrain,412.31056256176606
Itgax,Control_WholeBrain,316.22776601683796
Itgax,Control_WholeBrain,223.60679774997897
Itgax,Control_WholeBrain,141.4213562373095
Itgax,Control_WholeBrain,100.0
Itgax,Control_WholeBrain,1627.8820596099706
Itgax,Control_WholeBrain,3125.699921617557
Itgax,Control_WholeBrain,565.685424949238
Itgax,Control_WholeBrain,806.2257748298549
Itgax,Control_WholeBrain,1170.4699910719626
Itgax,Control_WholeBrain,1019.803902718557
Itgax,Control_WholeBrain,141.4213562373095
Itgax,Control_WholeBrain,1702.93863659264
Itgax,Control_WholeBrain,3238.8269481403295
Itgax,Control_WholeBrain,538.5164807134504
Itgax,Control_WholeBrain,0.0
Itgax,Control_WholeBrain,1615.5494421403512
Itgax,Control_WholeBrain,1708.8007490635061
Itgax,Control_WholeBrain,3354.1019662496847
Itgax,Control_WholeBrain,608.276253029822
Itgax,Control_WholeBrain,141.4213562373095
Itgax,Control_WholeBrain,1486.6068747318504
Itgax,Control_WholeBrain,3471.3109915419564
Itgax,Control_WholeBrain,700.0
Itgax,Control_WholeBrain,400.0
Itgax,Control_WholeBrain,282.842712474619
Itgax,Control_WholeBrain,806.2257748298549
Itgax,Control_WholeBrain,141.4213562373095
Itgax,Control_WholeBrain,509.9019513592785
Itgax,Control_WholeBrain,806.2257748298549
Itgax,Control_WholeBrain,1300.0
Itgax,Control_WholeBrain,3891.015291668744
Itgax,Control_WholeBrain,1702.93863659264
Itgax,Control_WholeBrain,223.60679774997897
Itgax,Control_WholeBrain,223.60679774997897
Itgax,Control_WholeBrain,1910.49731745428
Itgax,Control_WholeBrain,223.60679774997897
Itgax,Control_WholeBrain,200.0
Itgax,Control_WholeBrain,1824.8287590894658
Itgax,Control_WholeBrain,1923.5384061671346
Itgax,Control_WholeBrain,424.26406871192853
Itgax,Control_WholeBrain,360.5551275463989
Itgax,Control_WholeBrain,1843.9088914585775
Itgax,Control_WholeBrain,721.1102550927978
Itgax,Control_WholeBrain,781.0249675906655
Itgax,Control_WholeBrain,721.1102550927978
Itgax,Control_WholeBrain,640.3124237432849
Itgax,Control_WholeBrain,565.685424949238
Itgax,Control_WholeBrain,500.0
Itgax,Control_WholeBrain,1486.6068747318504
Itgax,Control_WholeBrain,1868.1541692269404
Itgax,Control_WholeBrain,860.2325267042627
Itgax,Control_WholeBrain,781.0249675906655
Itgax,Control_WholeBrain,707.1067811865476
Itgax,Control_WholeBrain,640.3124237432849
Itgax,Control_WholeBrain,781.0249675906655
Itgax,Control_WholeBrain,640.3124237432849
Itgax,Control_WholeBrain,848.5281374238571
Itgax,Control_WholeBrain,781.0249675906655
Itgax,Control_WholeBrain,1931.3207915827966
Itgax,Control_WholeBrain,2024.8456731316587
Itgax,Control_WholeBrain,1746.424919657298
Itgax,Control_WholeBrain,824.6211251235321
Itgax,Control_WholeBrain,921.9544457292888
Itgax,Control_WholeBrain,707.1067811865476
Itgax,Control_WholeBrain,806.2257748298549
Itgax,Control_WholeBrain,608.276253029822
Itgax,Control_WholeBrain,707.1067811865476
Itgax,Control_WholeBrain,707.1067811865476
Itgax,Control_WholeBrain,316.22776601683796
Itgax,Control_WholeBrain,670.820393249937
Itgax,Control_WholeBrain,200.0
Itgax,Control_WholeBrain,632.4555320336759
Itgax,Control_WholeBrain,500.0
Itgax,Control_WholeBrain,583.09518948453
Itgax,Control_WholeBrain,412.31056256176606
Itgax,Control_WholeBrain,500.0
Itgax,Control_WholeBrain,565.685424949238
Itgax,Control_WholeBrain,640.3124237432849
Itgax,Control_WholeBrain,538.5164807134504
Itgax,Control_WholeBrain,583.09518948453
Itgax,Control_WholeBrain,600.0
Itgax,Control_WholeBrain,608.276253029822
Itgax,Control_WholeBrain,1431.7821063276353
Itgax,Control_WholeBrain,1923.5384061671346
Itgax,Control_WholeBrain,1910.49731745428
Itgax,Control_WholeBrain,728.0109889280518
Itgax,Control_WholeBrain,989.9494936611666
Itgax,Control_WholeBrain,806.2257748298549
Itgax,Control_WholeBrain,824.6211251235321
Itgax,Control_WholeBrain,1000.0
Itgax,Control_WholeBrain,824.6211251235321
Itgax,Control_WholeBrain,921.9544457292888
Itgax,Control_WholeBrain,860.2325267042627
Itgax,Control_WholeBrain,905.5385138137417
Itgax,Control_WholeBrain,1004.987562112089
Itgax,Control_WholeBrain,728.0109889280518
Itgax,Control_WholeBrain,860.2325267042627
Itgax,Control_WholeBrain,921.9544457292888
Itgax,Control_WholeBrain,989.9494936611666
Itgax,Control_WholeBrain,1063.014581273465
Itgax,Control_WholeBrain,848.5281374238571
Itgax,Control_WholeBrain,806.2257748298549
Itgax,Control_WholeBrain,894.4271909999159
Itgax,Control_WholeBrain,707.1067811865476
Itgax,Control_WholeBrain,761.5773105863908
Itgax,Control_WholeBrain,824.6211251235321
Itgax,Control_WholeBrain,1170.4699910719626
Itgax,Control_WholeBrain,632.4555320336759
Itgax,Control_WholeBrain,761.5773105863908
Itgax,Control_WholeBrain,1208.3045973594571
Itgax,Control_WholeBrain,509.9019513592785
Itgax,Control_WholeBrain,670.820393249937
Itgax,Control_WholeBrain,412.31056256176606
Itgax,Control_WholeBrain,447.21359549995793
Itgax,Control_WholeBrain,223.60679774997897
Itgax,Control_WholeBrain,412.31056256176606
Itgax,Control_WholeBrain,316.22776601683796
Itgax,Control_WholeBrain,316.22776601683796
Itgax,Control_WholeBrain,360.5551275463989
Itgax,Control_WholeBrain,424.26406871192853
Itgax,Control_WholeBrain,0.0
Itgax,Control_WholeBrain,200.0
Itgax,Control_WholeBrain,500.0
Itgax,Control_WholeBrain,141.4213562373095
Itgax,Control_WholeBrain,316.22776601683796
Itgax,Control_WholeBrain,100.0
Itgax,Control_WholeBrain,316.22776601683796
Itgax,Control_WholeBrain,509.9019513592785
Itgax,Control_WholeBrain,141.4213562373095
Itgax,Control_WholeBrain,565.685424949238
Itgax,Control_WholeBrain,640.3124237432849
Itgax,Control_WholeBrain,200.0
Itgax,Control_WholeBrain,943.3981132056604
Itgax,Control_WholeBrain,781.0249675906655
Itgax,Control_WholeBrain,670.820393249937
Itgax,Control_WholeBrain,412.31056256176606
Itgax,Control_WholeBrain,447.21359549995793
Itgax,Control_WholeBrain,806.2257748298549
Itgax,Control_WholeBrain,500.0
Itgax,Control_WholeBrain,412.31056256176606
Itgax,Control_WholeBrain,670.820393249937
Itgax,Control_WholeBrain,640.3124237432849
Itgax,Control_WholeBrain,728.0109889280518
Itgax,Control_WholeBrain,538.5164807134504
Itgax,Control_WholeBrain,943.3981132056604
Itgax,Control_WholeBrain,905.5385138137417
Itgax,Control_WholeBrain,1100.0
Itgax,Control_WholeBrain,1140.175425099138
Itgax,Control_WholeBrain,223.60679774997897
Itgax,Control_WholeBrain,640.3124237432849
Itgax,Control_WholeBrain,1216.552506059644
Itgax,Control_WholeBrain,500.0
Itgax,Control_WholeBrain,1200.0
Itgax,Control_WholeBrain,583.09518948453
Itgax,Control_WholeBrain,316.22776601683796
Itgax,Control_WholeBrain,1360.1470508735442
Itgax,Control_WholeBrain,1392.838827718412
Itgax,Control_WholeBrain,412.31056256176606
Itgax,Control_WholeBrain,1414.213562373095
Itgax,Control_WholeBrain,282.842712474619
Itgax,Control_WholeBrain,100.0
Itgax,Control_WholeBrain,1272.7922061357856
Itgax,Control_WholeBrain,1421.2670403551895
Itgax,Control_WholeBrain,1503.3296378372909
Itgax,Control_WholeBrain,360.5551275463989
Itgax,Control_WholeBrain,640.3124237432849
Itgax,Control_WholeBrain,707.1067811865476
Itgax,Control_WholeBrain,728.0109889280518
Itgax,Control_WholeBrain,1063.014581273465
Itgax,Control_WholeBrain,1476.48230602334
Itgax,Control_WholeBrain,1565.2475842498527
Itgax,Control_WholeBrain,282.842712474619
Itgax,Control_WholeBrain,1000.0
Itgax,Control_WholeBrain,1081.6653826391969
Itgax,Control_WholeBrain,1252.9964086141667
Itgax,Control_WholeBrain,1341.640786499874
Itgax,Control_WholeBrain,921.9544457292888
Itgax,Control_WholeBrain,943.3981132056604
Itgax,Control_WholeBrain,1029.5630140987
Itgax,Control_WholeBrain,1300.0
Itgax,Control_WholeBrain,1655.294535724685
Itgax,Control_WholeBrain,640.3124237432849
Itgax,Control_WholeBrain,640.3124237432849
Itgax,Control_WholeBrain,984.8857801796105
Itgax,Control_WholeBrain,1044.030650891055
Itgax,Control_WholeBrain,1236.9316876852981
Itgax,Control_WholeBrain,600.0
Itgax,Control_WholeBrain,1019.803902718557
Itgax,Control_WholeBrain,1216.552506059644
Itgax,Control_WholeBrain,1655.294535724685
Itgax,Control_WholeBrain,781.0249675906655
Itgax,Control_WholeBrain,316.22776601683796
Itgax,Control_WholeBrain,1081.6653826391969
Itgax,Control_WholeBrain,1166.19037896906
Itgax,Control_WholeBrain,1252.9964086141667
Itgax,Control_WholeBrain,1208.3045973594571
Itgax,Control_WholeBrain,1081.6653826391969
Itgax,Control_WholeBrain,721.1102550927978
Itgax,Control_WholeBrain,200.0
Itgax,Control_WholeBrain,1118.033988749895
Itgax,Control_WholeBrain,1300.0
Itgax,Control_WholeBrain,1562.049935181331
Itgax,Control_WholeBrain,1077.0329614269008
Itgax,Control_WholeBrain,1044.030650891055
Itgax,Control_WholeBrain,1334.1664064126335
Itgax,Control_WholeBrain,1523.1546211727816
Itgax,Control_WholeBrain,632.4555320336759
Itgax,Control_WholeBrain,509.9019513592785
Itgax,Control_WholeBrain,1216.552506059644
Itgax,Control_WholeBrain,1562.049935181331
Itgax,Control_WholeBrain,1581.1388300841897
Itgax,Control_WholeBrain,1664.3316977093239
Itgax,Control_WholeBrain,1627.8820596099706
Itgax,Control_WholeBrain,1442.2205101855957
Itgax,Control_WholeBrain,632.4555320336759
Itgax,Control_WholeBrain,1902.6297590440447
Itgax,Control_WholeBrain,1603.1219541881396
Itgax,Control_WholeBrain,1900.0
Itgax,Control_WholeBrain,1000.0
Itgax,Control_WholeBrain,700.0
Itgax,Control_WholeBrain,860.2325267042627
Itgax,Control_WholeBrain,1303.8404810405298
Itgax,Control_WholeBrain,1104.536101718726
Itgax,Control_WholeBrain,806.2257748298549
Itgax,Control_WholeBrain,608.276253029822
Itgax,Control_WholeBrain,1315.2946437965904
Itgax,Control_WholeBrain,824.6211251235321
Itgax,Control_WholeBrain,447.21359549995793
Itgax,Control_WholeBrain,1431.7821063276353
Itgax,Control_WholeBrain,1140.175425099138
Itgax,Control_WholeBrain,1044.030650891055
Itgax,Control_WholeBrain,948.6832980505138
Itgax,Control_WholeBrain,500.0
Itgax,Control_WholeBrain,360.5551275463989
Itgax,Control_WholeBrain,1456.0219778561036
Itgax,Control_WholeBrain,1360.1470508735442
Itgax,Control_WholeBrain,1264.9110640673518
Itgax,Control_WholeBrain,1170.4699910719626
Itgax,Control_WholeBrain,984.8857801796105
Itgax,Control_WholeBrain,640.3124237432849
Itgax,Control_WholeBrain,1486.6068747318504
Itgax,Control_WholeBrain,1392.838827718412
Itgax,Control_WholeBrain,1300.0
Itgax,Control_WholeBrain,1208.3045973594571
Itgax,Control_WholeBrain,943.3981132056604
Itgax,Control_WholeBrain,781.0249675906655
Itgax,Control_WholeBrain,1523.1546211727816
Itgax,Control_WholeBrain,1431.7821063276353
Itgax,Control_WholeBrain,1341.640786499874
Itgax,Control_WholeBrain,1166.19037896906
Itgax,Control_WholeBrain,300.0
Itgax,Control_WholeBrain,1503.3296378372909
Itgax,Control_WholeBrain,1603.1219541881396
Itgax,Control_WholeBrain,1565.2475842498527
Itgax,Control_WholeBrain,1476.48230602334
Itgax,Control_WholeBrain,1389.2443989449805
Itgax,Control_WholeBrain,1303.8404810405298
Itgax,Control_WholeBrain,1140.175425099138
Itgax,Control_WholeBrain,989.9494936611666
Itgax,Control_WholeBrain,700.0
Itgax,Control_WholeBrain,1431.7821063276353
Itgax,Control_WholeBrain,1612.4515496597098
Itgax,Control_WholeBrain,1526.4337522473747
Itgax,Control_WholeBrain,1236.9316876852981
Itgax,Control_WholeBrain,1334.1664064126335
Itgax,Control_WholeBrain,1140.175425099138
Itgax,Control_WholeBrain,1029.5630140987
Itgax,Control_WholeBrain,538.5164807134504
Itgax,Control_WholeBrain,989.9494936611666
Itgax,Control_WholeBrain,900.0
Itgax,Control_WholeBrain,800.0
Itgax,Control_WholeBrain,984.8857801796105
Itgax,Control_WholeBrain,1029.5630140987
Itgax,Control_WholeBrain,984.8857801796105
Itgax,Control_WholeBrain,1252.9964086141667
Itgax,Control_WholeBrain,1303.8404810405298
Itgax,Control_WholeBrain,1264.9110640673518
Itgax,Control_WholeBrain,1300.0
Itgax,Control_WholeBrain,1503.3296378372909
Itgax,Control_WholeBrain,1077.0329614269008
Itgax,Control_WholeBrain,1303.8404810405298
Itgax,Control_WholeBrain,1360.1470508735442
Itgax,Control_WholeBrain,1421.2670403551895
Itgax,Control_WholeBrain,1627.8820596099706
AXL,Model_WholeBrain,282.842712474619
AXL,Model_WholeBrain,412.31056256176606
AXL,Model_WholeBrain,100.0
AXL,Model_WholeBrain,360.5551275463989
AXL,Model_WholeBrain,316.22776601683796
AXL,Model_WholeBrain,0.0
AXL,Model_WholeBrain,100.0
AXL,Model_WholeBrain,141.4213562373095
AXL,Model_WholeBrain,360.5551275463989
AXL,Model_WholeBrain,316.22776601683796
AXL,Model_WholeBrain,0.0
AXL,Model_WholeBrain,100.0
AXL,Model_WholeBrain,360.5551275463989
AXL,Model_WholeBrain,100.0
AXL,Model_WholeBrain,0.0
AXL,Model_WholeBrain,0.0
AXL,Model_WholeBrain,141.4213562373095
AXL,Model_WholeBrain,223.60679774997897
AXL,Model_WholeBrain,282.842712474619
AXL,Model_WholeBrain,141.4213562373095
AXL,Model_WholeBrain,100.0
AXL,Model_WholeBrain,100.0
AXL,Model_WholeBrain,100.0
AXL,Model_WholeBrain,141.4213562373095
AXL,Model_WholeBrain,0.0
AXL,Model_WholeBrain,100.0
AXL,Model_WholeBrain,141.4213562373095
AXL,Model_WholeBrain,100.0
AXL,Model_WholeBrain,0.0
AXL,Model_WholeBrain,0.0
AXL,Model_WholeBrain,100.0
AXL,Model_WholeBrain,200.0
AXL,Model_WholeBrain,141.4213562373095
AXL,Model_WholeBrain,200.0
AXL,Model_WholeBrain,300.0
AXL,Model_WholeBrain,300.0
AXL,Model_WholeBrain,141.4213562373095
AXL,Model_WholeBrain,141.4213562373095
AXL,Model_WholeBrain,200.0
AXL,Model_WholeBrain,100.0
AXL,Model_WholeBrain,100.0
AXL,Model_WholeBrain,141.4213562373095
AXL,Model_WholeBrain,200.0
AXL,Model_WholeBrain,223.60679774997897
AXL,Model_WholeBrain,223.60679774997897
AXL,Model_WholeBrain,100.0
AXL,Model_WholeBrain,141.4213562373095
AXL,Model_WholeBrain,100.0
AXL,Model_WholeBrain,200.0
AXL,Model_WholeBrain,223.60679774997897
AXL,Model_WholeBrain,100.0
AXL,Model_WholeBrain,300.0
AXL,Model_WholeBrain,141.4213562373095
AXL,Model_WholeBrain,100.0
AXL,Model_WholeBrain,200.0
AXL,Model_WholeBrain,100.0
AXL,Model_WholeBrain,141.4213562373095
AXL,Model_WholeBrain,0.0
AXL,Model_WholeBrain,100.0
AXL,Model_WholeBrain,141.4213562373095
AXL,Model_WholeBrain,200.0
AXL,Model_WholeBrain,100.0
AXL,Model_WholeBrain,0.0
AXL,Model_WholeBrain,0.0
AXL,Model_WholeBrain,100.0
AXL,Model_WholeBrain,141.4213562373095
AXL,Model_WholeBrain,223.60679774997897
AXL,Model_WholeBrain,223.60679774997897
AXL,Model_WholeBrain,0.0
AXL,Model_WholeBrain,100.0
AXL,Model_WholeBrain,200.0
AXL,Model_WholeBrain,200.0
AXL,Model_WholeBrain,100.0
AXL,Model_WholeBrain,0.0
AXL,Model_WholeBrain,141.4213562373095
AXL,Model_WholeBrain,282.842712474619
AXL,Model_WholeBrain,100.0
AXL,Model_WholeBrain,100.0
AXL,Model_WholeBrain,100.0
AXL,Model_WholeBrain,0.0
AXL,Model_WholeBrain,141.4213562373095
AXL,Model_WholeBrain,100.0
AXL,Model_WholeBrain,0.0
AXL,Model_WholeBrain,141.4213562373095
AXL,Model_WholeBrain,0.0
AXL,Model_WholeBrain,100.0
AXL,Model_WholeBrain,100.0
AXL,Model_WholeBrain,141.4213562373095
AXL,Model_WholeBrain,200.0
AXL,Model_WholeBrain,100.0
AXL,Model_WholeBrain,0.0
AXL,Model_WholeBrain,0.0
AXL,Model_WholeBrain,100.0
AXL,Model_WholeBrain,0.0
AXL,Model_WholeBrain,100.0
AXL,Model_WholeBrain,0.0
AXL,Model_WholeBrain,100.0
AXL,Model_WholeBrain,223.60679774997897
AXL,Model_WholeBrain,0.0
AXL,Model_WholeBrain,100.0
AXL,Model_WholeBrain,100.0
AXL,Model_WholeBrain,0.0
AXL,Model_WholeBrain,100.0
AXL,Model_WholeBrain,100.0
AXL,Model_WholeBrain,282.842712474619
AXL,Model_WholeBrain,0.0
AXL,Model_WholeBrain,0.0
AXL,Model_WholeBrain,100.0
AXL,Model_WholeBrain,100.0
AXL,Model_WholeBrain,424.26406871192853
AXL,Model_WholeBrain,100.0
AXL,Model_WholeBrain,100.0
AXL,Model_WholeBrain,141.4213562373095
AXL,Model_WholeBrain,200.0
AXL,Model_WholeBrain,200.0
AXL,Model_WholeBrain,100.0
AXL,Model_WholeBrain,200.0
AXL,Model_WholeBrain,141.4213562373095
AXL,Model_WholeBrain,141.4213562373095
AXL,Model_WholeBrain,282.842712474619
AXL,Model_WholeBrain,100.0
AXL,Model_WholeBrain,100.0
AXL,Model_WholeBrain,0.0
AXL,Model_WholeBrain,141.4213562373095
AXL,Model_WholeBrain,223.60679774997897
AXL,Model_WholeBrain,141.4213562373095
AXL,Model_WholeBrain,100.0
AXL,Model_WholeBrain,141.4213562373095
AXL,Model_WholeBrain,141.4213562373095
AXL,Model_WholeBrain,100.0
AXL,Model_WholeBrain,141.4213562373095
AXL,Model_WholeBrain,100.0
AXL,Model_WholeBrain,0.0
AXL,Model_WholeBrain,0.0
AXL,Model_WholeBrain,100.0
AXL,Model_WholeBrain,100.0
AXL,Model_WholeBrain,0.0
AXL,Model_WholeBrain,100.0
AXL,Model_WholeBrain,100.0
AXL,Model_WholeBrain,100.0
AXL,Model_WholeBrain,100.0
AXL,Model_WholeBrain,0.0
AXL,Model_WholeBrain,100.0
AXL,Model_WholeBrain,100.0
AXL,Model_WholeBrain,100.0
AXL,Model_WholeBrain,0.0
AXL,Model_WholeBrain,100.0
AXL,Model_WholeBrain,100.0
AXL,Model_WholeBrain,100.0
AXL,Model_WholeBrain,100.0
AXL,Model_WholeBrain,141.4213562373095
AXL,Model_WholeBrain,100.0
AXL,Model_WholeBrain,0.0
AXL,Model_WholeBrain,100.0
AXL,Model_WholeBrain,0.0
AXL,Model_WholeBrain,100.0
AXL,Model_WholeBrain,100.0
AXL,Model_WholeBrain,100.0
AXL,Model_WholeBrain,282.842712474619
AXL,Model_WholeBrain,316.22776601683796
AXL,Model_WholeBrain,100.0
AXL,Model_WholeBrain,0.0
AXL,Model_WholeBrain,0.0
AXL,Model_WholeBrain,100.0
AXL,Model_WholeBrain,300.0
AXL,Model_WholeBrain,223.60679774997897
AXL,Model_WholeBrain,141.4213562373095
AXL,Model_WholeBrain,100.0
AXL,Model_WholeBrain,0.0
AXL,Model_WholeBrain,100.0
AXL,Model_WholeBrain,100.0
AXL,Model_WholeBrain,100.0
AXL,Model_WholeBrain,0.0
AXL,Model_WholeBrain,100.0
AXL,Model_WholeBrain,100.0
AXL,Model_WholeBrain,100.0
AXL,Model_WholeBrain,141.4213562373095
AXL,Model_WholeBrain,100.0
AXL,Model_WholeBrain,141.4213562373095
AXL,Model_WholeBrain,100.0
AXL,Model_WholeBrain,100.0
AXL,Model_WholeBrain,100.0
AXL,Model_WholeBrain,100.0
AXL,Model_WholeBrain,141.4213562373095
AXL,Model_WholeBrain,100.0
AXL,Model_WholeBrain,100.0
AXL,Model_WholeBrain,141.4213562373095
AXL,Model_WholeBrain,141.4213562373095
AXL,Model_WholeBrain,141.4213562373095
AXL,Model_WholeBrain,100.0
AXL,Model_WholeBrain,141.4213562373095
AXL,Model_WholeBrain,0.0
AXL,Model_WholeBrain,141.4213562373095
AXL,Model_WholeBrain,100.0
AXL,Model_WholeBrain,200.0
AXL,Model_WholeBrain,100.0
AXL,Model_WholeBrain,100.0
AXL,Model_WholeBrain,0.0
AXL,Model_WholeBrain,100.0
AXL,Model_WholeBrain,100.0
AXL,Model_WholeBrain,141.4213562373095
AXL,Model_WholeBrain,100.0
AXL,Model_WholeBrain,141.4213562373095
AXL,Model_WholeBrain,141.4213562373095
AXL,Model_WholeBrain,141.4213562373095
AXL,Model_WholeBrain,100.0
AXL,Model_WholeBrain,100.0
AXL,Model_WholeBrain,100.0
AXL,Model_WholeBrain,200.0
AXL,Model_WholeBrain,223.60679774997897
AXL,Model_WholeBrain,100.0
AXL,Model_WholeBrain,141.4213562373095
AXL,Model_WholeBrain,223.60679774997897
AXL,Model_WholeBrain,282.842712474619
AXL,Model_WholeBrain,100.0
AXL,Model_WholeBrain,141.4213562373095
AXL,Model_WholeBrain,100.0
AXL,Model_WholeBrain,200.0
AXL,Model_WholeBrain,100.0
AXL,Model_WholeBrain,141.4213562373095
AXL,Model_WholeBrain,141.4213562373095
AXL,Model_WholeBrain,100.0
AXL,Model_WholeBrain,100.0
AXL,Model_WholeBrain,100.0
AXL,Model_WholeBrain,0.0
AXL,Model_WholeBrain,141.4213562373095
AXL,Model_WholeBrain,100.0
AXL,Model_WholeBrain,0.0
AXL,Model_WholeBrain,100.0
AXL,Model_WholeBrain,0.0
AXL,Model_WholeBrain,100.0
AXL,Model_WholeBrain,200.0
AXL,Model_WholeBrain,100.0
AXL,Model_WholeBrain,300.0
AXL,Model_WholeBrain,141.4213562373095
AXL,Model_WholeBrain,200.0
AXL,Model_WholeBrain,282.842712474619
AXL,Model_WholeBrain,200.0
AXL,Model_WholeBrain,0.0
AXL,Model_WholeBrain,141.4213562373095
AXL,Model_WholeBrain,100.0
AXL,Model_WholeBrain,223.60679774997897
AXL,Model_WholeBrain,282.842712474619
AXL,Model_WholeBrain,100.0
AXL,Model_WholeBrain,0.0
AXL,Model_WholeBrain,100.0
AXL,Model_WholeBrain,141.4213562373095
AXL,Model_WholeBrain,200.0
AXL,Model_WholeBrain,141.4213562373095
AXL,Model_WholeBrain,141.4213562373095
AXL,Model_WholeBrain,141.4213562373095
AXL,Model_WholeBrain,100.0
AXL,Model_WholeBrain,200.0
AXL,Model_WholeBrain,141.4213562373095
AXL,Model_WholeBrain,100.0
AXL,Model_WholeBrain,100.0
AXL,Model_WholeBrain,141.4213562373095
AXL,Model_WholeBrain,100.0
AXL,Model_WholeBrain,100.0
AXL,Model_WholeBrain,0.0
AXL,Model_WholeBrain,100.0
AXL,Model_WholeBrain,100.0
AXL,Model_WholeBrain,0.0
AXL,Model_WholeBrain,0.0
AXL,Model_WholeBrain,100.0
AXL,Model_WholeBrain,0.0
AXL,Model_WholeBrain,141.4213562373095
AXL,Model_WholeBrain,0.0
AXL,Model_WholeBrain,223.60679774997897
AXL,Model_WholeBrain,100.0
AXL,Model_WholeBrain,100.0
AXL,Model_WholeBrain,141.4213562373095
AXL,Model_WholeBrain,100.0
AXL,Model_WholeBrain,200.0
AXL,Model_WholeBrain,100.0
AXL,Model_WholeBrain,100.0
AXL,Model_WholeBrain,200.0
AXL,Model_WholeBrain,141.4213562373095
AXL,Model_WholeBrain,100.0
AXL,Model_WholeBrain,223.60679774997897
AXL,Model_WholeBrain,223.60679774997897
AXL,Model_WholeBrain,100.0
AXL,Model_WholeBrain,223.60679774997897
AXL,Model_WholeBrain,100.0
AXL,Model_WholeBrain,0.0
AXL,Model_WholeBrain,100.0
AXL,Model_WholeBrain,200.0
AXL,Model_WholeBrain,100.0
AXL,Model_WholeBrain,141.4213562373095
AXL,Model_WholeBrain,0.0
AXL,Model_WholeBrain,100.0
AXL,Model_WholeBrain,100.0
AXL,Model_WholeBrain,141.4213562373095
AXL,Model_WholeBrain,0.0
AXL,Model_WholeBrain,100.0
AXL,Model_WholeBrain,100.0
AXL,Model_WholeBrain,0.0
AXL,Model_WholeBrain,141.4213562373095
AXL,Model_WholeBrain,200.0
AXL,Model_WholeBrain,100.0
AXL,Model_WholeBrain,100.0
AXL,Model_WholeBrain,0.0
AXL,Model_WholeBrain,0.0
AXL,Model_WholeBrain,141.4213562373095
AXL,Model_WholeBrain,141.4213562373095
AXL,Model_WholeBrain,100.0
AXL,Model_WholeBrain,100.0
AXL,Model_WholeBrain,100.0
AXL,Model_WholeBrain,100.0
AXL,Model_WholeBrain,100.0
AXL,Model_WholeBrain,141.4213562373095
AXL,Model_WholeBrain,282.842712474619
AXL,Model_WholeBrain,141.4213562373095
AXL,Model_WholeBrain,100.0
AXL,Model_WholeBrain,100.0
AXL,Model_WholeBrain,100.0
AXL,Model_WholeBrain,100.0
AXL,Model_WholeBrain,100.0
AXL,Model_WholeBrain,100.0
AXL,Model_WholeBrain,141.4213562373095
AXL,Model_WholeBrain,100.0
AXL,Model_WholeBrain,100.0
AXL,Model_WholeBrain,223.60679774997897
AXL,Model_WholeBrain,100.0
AXL,Model_WholeBrain,100.0
AXL,Model_WholeBrain,0.0
AXL,Model_WholeBrain,100.0
AXL,Model_WholeBrain,100.0
AXL,Model_WholeBrain,0.0
AXL,Model_WholeBrain,100.0
AXL,Model_WholeBrain,100.0
AXL,Model_WholeBrain,0.0
AXL,Model_WholeBrain,223.60679774997897
AXL,Model_WholeBrain,223.60679774997897
AXL,Model_WholeBrain,100.0
AXL,Model_WholeBrain,223.60679774997897
AXL,Model_WholeBrain,0.0
AXL,Model_WholeBrain,141.4213562373095
AXL,Model_WholeBrain,141.4213562373095
AXL,Model_WholeBrain,141.4213562373095
AXL,Model_WholeBrain,100.0
AXL,Model_WholeBrain,100.0
AXL,Model_WholeBrain,141.4213562373095
AXL,Model_WholeBrain,0.0
AXL,Model_WholeBrain,316.22776601683796
AXL,Model_WholeBrain,223.60679774997897
AXL,Model_WholeBrain,141.4213562373095
AXL,Model_WholeBrain,141.4213562373095
AXL,Model_WholeBrain,0.0
AXL,Model_WholeBrain,100.0
AXL,Model_WholeBrain,0.0
AXL,Model_WholeBrain,141.4213562373095
AXL,Model_WholeBrain,100.0
AXL,Model_WholeBrain,223.60679774997897
AXL,Model_WholeBrain,141.4213562373095
AXL,Model_WholeBrain,100.0
AXL,Model_WholeBrain,0.0
AXL,Model_WholeBrain,0.0
AXL,Model_WholeBrain,141.4213562373095
AXL,Model_WholeBrain,100.0
AXL,Model_WholeBrain,141.4213562373095
AXL,Model_WholeBrain,200.0
AXL,Model_WholeBrain,100.0
AXL,Model_WholeBrain,223.60679774997897
AXL,Model_WholeBrain,100.0
AXL,Model_WholeBrain,141.4213562373095
AXL,Model_WholeBrain,141.4213562373095
AXL,Model_WholeBrain,200.0
AXL,Model_WholeBrain,223.60679774997897
AXL,Model_WholeBrain,223.60679774997897
AXL,Model_WholeBrain,282.842712474619
AXL,Model_WholeBrain,223.60679774997897
AXL,Model_WholeBrain,141.4213562373095
AXL,Model_WholeBrain,100.0
AXL,Model_WholeBrain,100.0
AXL,Model_WholeBrain,200.0
AXL,Model_WholeBrain,100.0
AXL,Model_WholeBrain,0.0
AXL,Model_WholeBrain,0.0
AXL,Model_WholeBrain,100.0
AXL,Model_WholeBrain,100.0
AXL,Model_WholeBrain,100.0
AXL,Model_WholeBrain,141.4213562373095
AXL,Model_WholeBrain,100.0
AXL,Model_WholeBrain,100.0
AXL,Model_WholeBrain,0.0
AXL,Model_WholeBrain,100.0
AXL,Model_WholeBrain,141.4213562373095
AXL,Model_WholeBrain,100.0
AXL,Model_WholeBrain,100.0
AXL,Model_WholeBrain,0.0
AXL,Model_WholeBrain,300.0
AXL,Model_WholeBrain,300.0
AXL,Model_WholeBrain,200.0
AXL,Model_WholeBrain,141.4213562373095
AXL,Model_WholeBrain,100.0
AXL,Model_WholeBrain,200.0
AXL,Model_WholeBrain,100.0
AXL,Model_WholeBrain,141.4213562373095
AXL,Model_WholeBrain,100.0
AXL,Model_WholeBrain,141.4213562373095
AXL,Model_WholeBrain,141.4213562373095
AXL,Model_WholeBrain,100.0
AXL,Model_WholeBrain,223.60679774997897
AXL,Model_WholeBrain,200.0
AXL,Model_WholeBrain,100.0
AXL,Model_WholeBrain,300.0
AXL,Model_WholeBrain,100.0
AXL,Model_WholeBrain,0.0
AXL,Model_WholeBrain,200.0
AXL,Model_WholeBrain,316.22776601683796
AXL,Model_WholeBrain,412.31056256176606
AXL,Model_WholeBrain,316.22776601683796
AXL,Model_WholeBrain,223.60679774997897
AXL,Control_WholeBrain,360.5551275463989
AXL,Control_WholeBrain,200.0
AXL,Control_WholeBrain,100.0
AXL,Control_WholeBrain,0.0
AXL,Control_WholeBrain,282.842712474619
AXL,Control_WholeBrain,100.0
AXL,Control_WholeBrain,0.0
AXL,Control_WholeBrain,100.0
AXL,Control_WholeBrain,282.842712474619
AXL,Control_WholeBrain,223.60679774997897
AXL,Control_WholeBrain,141.4213562373095
AXL,Control_WholeBrain,200.0
AXL,Control_WholeBrain,0.0
AXL,Control_WholeBrain,141.4213562373095
AXL,Control_WholeBrain,223.60679774997897
AXL,Control_WholeBrain,0.0
AXL,Control_WholeBrain,282.842712474619
AXL,Control_WholeBrain,141.4213562373095
AXL,Control_WholeBrain,223.60679774997897
AXL,Control_WholeBrain,100.0
AXL,Control_WholeBrain,300.0
AXL,Control_WholeBrain,223.60679774997897
AXL,Control_WholeBrain,100.0
AXL,Control_WholeBrain,100.0
AXL,Control_WholeBrain,200.0
AXL,Control_WholeBrain,100.0
AXL,Control_WholeBrain,0.0
AXL,Control_WholeBrain,0.0
AXL,Control_WholeBrain,141.4213562373095
AXL,Control_WholeBrain,100.0
AXL,Control_WholeBrain,223.60679774997897
AXL,Control_WholeBrain,200.0
AXL,Control_WholeBrain,100.0
AXL,Control_WholeBrain,0.0
AXL,Control_WholeBrain,0.0
AXL,Control_WholeBrain,0.0
AXL,Control_WholeBrain,100.0
AXL,Control_WholeBrain,0.0
AXL,Control_WholeBrain,141.4213562373095
AXL,Control_WholeBrain,200.0
AXL,Control_WholeBrain,223.60679774997897
AXL,Control_WholeBrain,141.4213562373095
AXL,Control_WholeBrain,100.0
AXL,Control_WholeBrain,200.0
AXL,Control_WholeBrain,100.0
AXL,Control_WholeBrain,0.0
AXL,Control_WholeBrain,223.60679774997897
AXL,Control_WholeBrain,200.0
AXL,Control_WholeBrain,223.60679774997897
AXL,Control_WholeBrain,223.60679774997897
AXL,Control_WholeBrain,200.0
AXL,Control_WholeBrain,100.0
AXL,Control_WholeBrain,0.0
AXL,Control_WholeBrain,282.842712474619
AXL,Control_WholeBrain,200.0
AXL,Control_WholeBrain,223.60679774997897
AXL,Control_WholeBrain,100.0
AXL,Control_WholeBrain,100.0
AXL,Control_WholeBrain,141.4213562373095
AXL,Control_WholeBrain,100.0
AXL,Control_WholeBrain,223.60679774997897
AXL,Control_WholeBrain,141.4213562373095
AXL,Control_WholeBrain,141.4213562373095
AXL,Control_WholeBrain,100.0
AXL,Control_WholeBrain,100.0
AXL,Control_WholeBrain,100.0
AXL,Control_WholeBrain,0.0
AXL,Control_WholeBrain,0.0
AXL,Control_WholeBrain,141.4213562373095
AXL,Control_WholeBrain,200.0
AXL,Control_WholeBrain,141.4213562373095
AXL,Control_WholeBrain,200.0
AXL,Control_WholeBrain,100.0
AXL,Control_WholeBrain,0.0
AXL,Control_WholeBrain,100.0
AXL,Control_WholeBrain,100.0
AXL,Control_WholeBrain,223.60679774997897
AXL,Control_WholeBrain,282.842712474619
AXL,Control_WholeBrain,100.0
AXL,Control_WholeBrain,200.0
AXL,Control_WholeBrain,100.0
AXL,Control_WholeBrain,141.4213562373095
AXL,Control_WholeBrain,100.0
AXL,Control_WholeBrain,223.60679774997897
AXL,Control_WholeBrain,0.0
AXL,Control_WholeBrain,200.0
AXL,Control_WholeBrain,100.0
AXL,Control_WholeBrain,141.4213562373095
AXL,Control_WholeBrain,223.60679774997897
AXL,Control_WholeBrain,141.4213562373095
AXL,Control_WholeBrain,100.0
AXL,Control_WholeBrain,0.0
AXL,Control_WholeBrain,100.0
AXL,Control_WholeBrain,0.0
AXL,Control_WholeBrain,100.0
AXL,Control_WholeBrain,282.842712474619
AXL,Control_WholeBrain,141.4213562373095
AXL,Control_WholeBrain,200.0
AXL,Control_WholeBrain,223.60679774997897
AXL,Control_WholeBrain,141.4213562373095
AXL,Control_WholeBrain,100.0
AXL,Control_WholeBrain,360.5551275463989
AXL,Control_WholeBrain,223.60679774997897
AXL,Control_WholeBrain,0.0
AXL,Control_WholeBrain,100.0
AXL,Control_WholeBrain,100.0
AXL,Control_WholeBrain,100.0
AXL,Control_WholeBrain,100.0
AXL,Control_WholeBrain,100.0
AXL,Control_WholeBrain,141.4213562373095
AXL,Control_WholeBrain,100.0
AXL,Control_WholeBrain,100.0
AXL,Control_WholeBrain,100.0
AXL,Control_WholeBrain,141.4213562373095
AXL,Control_WholeBrain,200.0
AXL,Control_WholeBrain,100.0
AXL,Control_WholeBrain,0.0
AXL,Control_WholeBrain,100.0
AXL,Control_WholeBrain,100.0
AXL,Control_WholeBrain,0.0
AXL,Control_WholeBrain,0.0
AXL,Control_WholeBrain,141.4213562373095
AXL,Control_WholeBrain,100.0
AXL,Control_WholeBrain,0.0
AXL,Control_WholeBrain,100.0
AXL,Control_WholeBrain,100.0
AXL,Control_WholeBrain,200.0
AXL,Control_WholeBrain,0.0
AXL,Control_WholeBrain,0.0
AXL,Control_WholeBrain,0.0
AXL,Control_WholeBrain,200.0
AXL,Control_WholeBrain,100.0
AXL,Control_WholeBrain,141.4213562373095
AXL,Control_WholeBrain,100.0
AXL,Control_WholeBrain,100.0
AXL,Control_WholeBrain,141.4213562373095
AXL,Control_WholeBrain,100.0
AXL,Control_WholeBrain,0.0
AXL,Control_WholeBrain,100.0
AXL,Control_WholeBrain,100.0
AXL,Control_WholeBrain,100.0
AXL,Control_WholeBrain,141.4213562373095
AXL,Control_WholeBrain,100.0
AXL,Control_WholeBrain,100.0
AXL,Control_WholeBrain,100.0
AXL,Control_WholeBrain,141.4213562373095
AXL,Control_WholeBrain,0.0
AXL,Control_WholeBrain,0.0
AXL,Control_WholeBrain,0.0
AXL,Control_WholeBrain,0.0
AXL,Control_WholeBrain,100.0
AXL,Control_WholeBrain,100.0
AXL,Control_WholeBrain,141.4213562373095
AXL,Control_WholeBrain,100.0
AXL,Control_WholeBrain,316.22776601683796
AXL,Control_WholeBrain,300.0
AXL,Control_WholeBrain,200.0
AXL,Control_WholeBrain,141.4213562373095
AXL,Control_WholeBrain,141.4213562373095
AXL,Control_WholeBrain,100.0
AXL,Control_WholeBrain,141.4213562373095
AXL,Control_WholeBrain,200.0
AXL,Control_WholeBrain,100.0
AXL,Control_WholeBrain,223.60679774997897
AXL,Control_WholeBrain,223.60679774997897
AXL,Control_WholeBrain,141.4213562373095
AXL,Control_WholeBrain,200.0
AXL,Control_WholeBrain,223.60679774997897
AXL,Control_WholeBrain,141.4213562373095
AXL,Control_WholeBrain,100.0
AXL,Control_WholeBrain,141.4213562373095
AXL,Control_WholeBrain,100.0
AXL,Control_WholeBrain,141.4213562373095
AXL,Control_WholeBrain,282.842712474619
AXL,Control_WholeBrain,200.0
AXL,Control_WholeBrain,200.0
AXL,Control_WholeBrain,100.0
AXL,Control_WholeBrain,223.60679774997897
AXL,Control_WholeBrain,141.4213562373095
AXL,Control_WholeBrain,100.0
AXL,Control_WholeBrain,141.4213562373095
AXL,Control_WholeBrain,0.0
AXL,Control_WholeBrain,100.0
AXL,Control_WholeBrain,100.0
AXL,Control_WholeBrain,0.0
AXL,Control_WholeBrain,0.0
AXL,Control_WholeBrain,200.0
AXL,Control_WholeBrain,0.0
AXL,Control_WholeBrain,0.0
AXL,Control_WholeBrain,100.0
AXL,Control_WholeBrain,141.4213562373095
AXL,Control_WholeBrain,100.0
AXL,Control_WholeBrain,100.0
AXL,Control_WholeBrain,0.0
AXL,Control_WholeBrain,100.0
AXL,Control_WholeBrain,100.0
AXL,Control_WholeBrain,0.0
AXL,Control_WholeBrain,0.0
AXL,Control_WholeBrain,141.4213562373095
AXL,Control_WholeBrain,200.0
AXL,Control_WholeBrain,0.0
AXL,Control_WholeBrain,0.0
AXL,Control_WholeBrain,282.842712474619
AXL,Control_WholeBrain,0.0
AXL,Control_WholeBrain,200.0
AXL,Control_WholeBrain,200.0
AXL,Control_WholeBrain,141.4213562373095
AXL,Control_WholeBrain,100.0
AXL,Control_WholeBrain,141.4213562373095
AXL,Control_WholeBrain,223.60679774997897
AXL,Control_WholeBrain,141.4213562373095
AXL,Control_WholeBrain,141.4213562373095
AXL,Control_WholeBrain,200.0
AXL,Control_WholeBrain,100.0
AXL,Control_WholeBrain,100.0
AXL,Control_WholeBrain,100.0
AXL,Control_WholeBrain,100.0
AXL,Control_WholeBrain,100.0
AXL,Control_WholeBrain,300.0
AXL,Control_WholeBrain,0.0
AXL,Control_WholeBrain,141.4213562373095
AXL,Control_WholeBrain,282.842712474619
AXL,Control_WholeBrain,282.842712474619
AXL,Control_WholeBrain,223.60679774997897
AXL,Control_WholeBrain,0.0
AXL,Control_WholeBrain,223.60679774997897
AXL,Control_WholeBrain,100.0
AXL,Control_WholeBrain,200.0
AXL,Control_WholeBrain,100.0
AXL,Control_WholeBrain,100.0
AXL,Control_WholeBrain,0.0
AXL,Control_WholeBrain,0.0
AXL,Control_WholeBrain,0.0
AXL,Control_WholeBrain,100.0
AXL,Control_WholeBrain,100.0
AXL,Control_WholeBrain,100.0
AXL,Control_WholeBrain,0.0
AXL,Control_WholeBrain,141.4213562373095
AXL,Control_WholeBrain,100.0
AXL,Control_WholeBrain,0.0
AXL,Control_WholeBrain,100.0
AXL,Control_WholeBrain,100.0
AXL,Control_WholeBrain,100.0
AXL,Control_WholeBrain,100.0
AXL,Control_WholeBrain,100.0
AXL,Control_WholeBrain,141.4213562373095
AXL,Control_WholeBrain,100.0
AXL,Control_WholeBrain,223.60679774997897
AXL,Control_WholeBrain,0.0
AXL,Control_WholeBrain,0.0
AXL,Control_WholeBrain,0.0
AXL,Control_WholeBrain,0.0
AXL,Control_WholeBrain,141.4213562373095
AXL,Control_WholeBrain,200.0
AXL,Control_WholeBrain,100.0
AXL,Control_WholeBrain,0.0
AXL,Control_WholeBrain,200.0
AXL,Control_WholeBrain,100.0
AXL,Control_WholeBrain,100.0
AXL,Control_WholeBrain,200.0
AXL,Control_WholeBrain,100.0
AXL,Control_WholeBrain,100.0
AXL,Control_WholeBrain,200.0
AXL,Control_WholeBrain,141.4213562373095
AXL,Control_WholeBrain,223.60679774997897
AXL,Control_WholeBrain,141.4213562373095
AXL,Control_WholeBrain,0.0
AXL,Control_WholeBrain,0.0
AXL,Control_WholeBrain,0.0
AXL,Control_WholeBrain,141.4213562373095
AXL,Control_WholeBrain,200.0
AXL,Control_WholeBrain,141.4213562373095
AXL,Control_WholeBrain,100.0
AXL,Control_WholeBrain,200.0
AXL,Control_WholeBrain,100.0
AXL,Control_WholeBrain,200.0
AXL,Control_WholeBrain,100.0
AXL,Control_WholeBrain,223.60679774997897
AXL,Control_WholeBrain,223.60679774997897
AXL,Control_WholeBrain,141.4213562373095
AXL,Control_WholeBrain,200.0
AXL,Control_WholeBrain,141.4213562373095
AXL,Control_WholeBrain,100.0
AXL,Control_WholeBrain,0.0
AXL,Control_WholeBrain,100.0
AXL,Control_WholeBrain,0.0
AXL,Control_WholeBrain,300.0
AXL,Control_WholeBrain,141.4213562373095
AXL,Control_WholeBrain,223.60679774997897
AXL,Control_WholeBrain,0.0
AXL,Control_WholeBrain,141.4213562373095
AXL,Control_WholeBrain,0.0
AXL,Control_WholeBrain,141.4213562373095
AXL,Control_WholeBrain,100.0
AXL,Control_WholeBrain,200.0
AXL,Control_WholeBrain,223.60679774997897
AXL,Control_WholeBrain,100.0
AXL,Control_WholeBrain,100.0
AXL,Control_WholeBrain,200.0
AXL,Control_WholeBrain,0.0
AXL,Control_WholeBrain,200.0
AXL,Control_WholeBrain,200.0
AXL,Control_WholeBrain,100.0
AXL,Control_WholeBrain,223.60679774997897
AXL,Control_WholeBrain,141.4213562373095
AXL,Control_WholeBrain,100.0
AXL,Control_WholeBrain,100.0
AXL,Control_WholeBrain,141.4213562373095
AXL,Control_WholeBrain,223.60679774997897
AXL,Control_WholeBrain,141.4213562373095
AXL,Control_WholeBrain,100.0
AXL,Control_WholeBrain,100.0
AXL,Control_WholeBrain,100.0
AXL,Control_WholeBrain,100.0
AXL,Control_WholeBrain,141.4213562373095
AXL,Control_WholeBrain,200.0
AXL,Control_WholeBrain,100.0
AXL,Control_WholeBrain,0.0
AXL,Control_WholeBrain,0.0
AXL,Control_WholeBrain,0.0
AXL,Control_WholeBrain,200.0
AXL,Control_WholeBrain,100.0
AXL,Control_WholeBrain,100.0
AXL,Control_WholeBrain,0.0
AXL,Control_WholeBrain,0.0
AXL,Control_WholeBrain,0.0
AXL,Control_WholeBrain,100.0
AXL,Control_WholeBrain,141.4213562373095
AXL,Control_WholeBrain,300.0
AXL,Control_WholeBrain,100.0
AXL,Control_WholeBrain,100.0
AXL,Control_WholeBrain,360.5551275463989
AXL,Control_WholeBrain,100.0
AXL,Control_WholeBrain,100.0
AXL,Control_WholeBrain,100.0
AXL,Control_WholeBrain,200.0
AXL,Control_WholeBrain,0.0
AXL,Control_WholeBrain,100.0
AXL,Control_WholeBrain,100.0
AXL,Control_WholeBrain,0.0
AXL,Control_WholeBrain,223.60679774997897
AXL,Control_WholeBrain,100.0
AXL,Control_WholeBrain,0.0
AXL,Control_WholeBrain,100.0
AXL,Control_WholeBrain,141.4213562373095
AXL,Control_WholeBrain,100.0
AXL,Control_WholeBrain,141.4213562373095
AXL,Control_WholeBrain,0.0
AXL,Control_WholeBrain,100.0
AXL,Control_WholeBrain,0.0
AXL,Control_WholeBrain,141.4213562373095
AXL,Control_WholeBrain,141.4213562373095
AXL,Control_WholeBrain,223.60679774997897
AXL,Control_WholeBrain,200.0
AXL,Control_WholeBrain,100.0
